Serial_Number,Campaign_Name,Objective,Amount_Spent,Amount_Install,Amount_Purchase,Purchase_Conversion_Value,Amount_Subscribe,Subscribe_Conversion_Value,Reporting_Date,Category
202010160005364,股市爆料同學會_測試專用_20200606(下載),APP_INSTALLS,2936,342,1,3590,,,20201122,FB
202010160005365,20200801_林恩如_AOS_下載_軟體,APP_INSTALLS,356,41,,,,,20201122,FB
202010160005366,20200801_林恩如_iOS_下載_軟體,APP_INSTALLS,684,39,1,990,1,,20201122,FB
202010160005367,股市爆料同學會_大眾TA_20200828,APP_INSTALLS,2,1,,,,,20201122,FB
202010160005368,無聊詹_IOS_軟體,APP_INSTALLS,143,9,,,,,20201122,FB
202010160005369,無聊詹_AOS_軟體,APP_INSTALLS,142,14,,,,,20201122,FB
202010160005370,股市爆料同學會_大眾TA_20200915,APP_INSTALLS,39,3,,,,,20201122,FB
202010160005371,股市爆料同學會_再行銷_20200922,APP_INSTALLS,171,30,,,,,20201122,FB
202010160005372,20200922_艾蜜莉APP_IOS_下載_軟體,APP_INSTALLS,1078,101,,,,,20201122,FB
202010160005373,20200922_艾蜜莉APP_Android_下載_軟體,APP_INSTALLS,878,70,1,8388,,,20201122,FB
202010160005374,股市爆料同學會_Henry_自動化應用程式廣告Test_20200923_Android,APP_INSTALLS,4,,,,,,20201122,FB
202010160005375,股市爆料同學會_理財綜合(非儲備受眾)_20200923,APP_INSTALLS,3,,,,,,20201122,FB
202010160005376,股市爆料同學會_Henry_自動化應用程式廣告Test_20200923_iOS,APP_INSTALLS,4,,,,,,20201122,FB
202010160005377,丹尼爾_AOS_下載_軟體,APP_INSTALLS,50,4,,,,,20201122,FB
202010160005378,丹尼爾_IOS_下載_軟體,APP_INSTALLS,90,6,,,,,20201122,FB
202010160005379,股市爆料同學會_CM粉專_20201014,APP_INSTALLS,5,,,,,,20201122,FB
202010160005380,股市爆料同學會_影片廣告(無設受眾)_20201015_iOS,APP_INSTALLS,16,3,,,,,20201122,FB
202010160005381,股市爆料同學會_理財受眾A(非儲備受眾)_20201016,APP_INSTALLS,12,2,,,,,20201122,FB
202010160005382,第八屆大大工程師_20201020_陌生開發,LINK_CLICKS,1479,,,,,,20201122,FB
202010160005383,股市爆料同學會_影片廣告(無設受眾)_20201015_Android,APP_INSTALLS,14,1,,,,,20201122,FB
202010160005384,2020Q4林恩如_期指講座_轉換,CONVERSIONS,2495,,4,23930,,,20201122,FB
202010160005385,權證小哥_1023(轉換)_關鍵分點獨門解析講座,CONVERSIONS,779,,2,7348,,,20201122,FB
202010160005386,第八屆大大工程師_20201027_再行銷,LINK_CLICKS,973,,1,,,,20201122,FB
202010160005387,權證小哥_1029(觸及)_當沖實戰精華班,REACH,200,,,,,,20201122,FB
202010160005388,2020 Q4 恩如LIKE,PAGE_LIKES,1201,,1,8888,,,20201122,FB
202010160005389,第八屆大大工程師_20201103_精準組合,LINK_CLICKS,2532,,,,,,20201122,FB
202010160005390,股市爆料同學會_理財受眾A(非儲備受眾)_20201105,APP_INSTALLS,3,,,,,,20201122,FB
202010160005391,股市爆料同學會_理財受眾A(非儲備受眾)_20201106,APP_INSTALLS,5,,,,,,20201122,FB
202010160005392,2020Q4林恩如_實戰班講座_轉換,CONVERSIONS,4100,,8,44164,,,20201122,FB
202010160005393,20201110_艾蜜莉下載_IOS_自動化廣告_軟體,APP_INSTALLS,158,11,,,,,20201122,FB
202010160005394,20201110_艾蜜莉下載_Android_自動化廣告_軟體,APP_INSTALLS,326,26,2,5988,,,20201122,FB
202010160005395,期貨電子盤_下載_IOS,APP_INSTALLS,149,5,,,,,20201122,FB
202010160005396,期貨電子盤_下載_Android-興趣期貨Broken,APP_INSTALLS,14,1,,,,,20201122,FB
202010160005397,期貨電子盤_下載_IOS,APP_INSTALLS,12,,,,,,20201122,FB
202010160005398,期貨電子盤_下載_Android,APP_INSTALLS,12,,,,,,20201122,FB
202010160005399,順流小畢_1113(轉換)_商務艙推廣,CONVERSIONS,188,,1,5810,,,20201122,FB
202010160005400,20201116_股人阿勳_下載_IOS_軟體,APP_INSTALLS,1499,77,,,,,20201122,FB
202010160005401,20201116_股人阿勳_下載_Android_軟體,APP_INSTALLS,1499,105,,,,,20201122,FB
202010160005402,20201119_阿格力_下載_Android,APP_INSTALLS,499,54,,,,,20201122,FB
202010160005403,20201119_阿格力_下載_IOS,APP_INSTALLS,497,25,,,,,20201122,FB
202010160005404,武財神_APP下載_Android_20201120_股票圖,APP_INSTALLS,0,,,,,,20201122,FB
202010160005405,武財神_APP下載_Android_20201120_自動化廣告_股票圖,APP_INSTALLS,7,1,,,,,20201122,FB
202010160005406,武財神_APP下載_iOS_20201120_自動化廣告_股票,APP_INSTALLS,0,,,,,,20201122,FB
202010160005407,股市爆料同學會_理財受眾A(非儲備受眾)_20201120,APP_INSTALLS,295,41,,,,,20201122,FB
202010160005408,股市爆料同學會_大眾_20201120,APP_INSTALLS,361,40,,,,,20201122,FB
202010160005409,武財神_APP下載_iOS_20201120_股票圖,APP_INSTALLS,253,17,,,,,20201122,FB
202010160005410,股市爆料同學會_測試專用_20201120,APP_INSTALLS,452,57,,,,,20201122,FB
202010160005411,權證小哥_1120(轉換)_籌K銷售,CONVERSIONS,2009,,19,132710,,,20201122,FB
202010160005412,施雅棠_流量_導直播,LINK_CLICKS,486,,15,54712,,,20201122,FB
202010160005413,股市爆料同學會_測試專用_20200606(下載),APP_INSTALLS,2927,376,4,12478,,,20201123,FB
202010160005414,20200801_林恩如_AOS_下載_軟體,APP_INSTALLS,248,15,,,,,20201123,FB
202010160005415,20200801_林恩如_iOS_下載_軟體,APP_INSTALLS,547,28,,,13,5530,20201123,FB
202010160005416,股市爆料同學會_大眾TA_20200828,APP_INSTALLS,5,,,,,,20201123,FB
202010160005417,無聊詹_IOS_軟體,APP_INSTALLS,118,5,,,,,20201123,FB
202010160005418,無聊詹_AOS_軟體,APP_INSTALLS,119,18,,,,,20201123,FB
202010160005419,股市爆料同學會_大眾TA_20200915,APP_INSTALLS,16,2,,,,,20201123,FB
202010160005420,股市爆料同學會_再行銷_20200922,APP_INSTALLS,127,12,,,,,20201123,FB
202010160005421,20200922_艾蜜莉APP_IOS_下載_軟體,APP_INSTALLS,1004,94,,,,,20201123,FB
202010160005422,20200922_艾蜜莉APP_Android_下載_軟體,APP_INSTALLS,356,28,,,,,20201123,FB
202010160005423,股市爆料同學會_Henry_自動化應用程式廣告Test_20200923_Android,APP_INSTALLS,4,1,,,,,20201123,FB
202010160005424,股市爆料同學會_理財綜合(非儲備受眾)_20200923,APP_INSTALLS,0,,,,,,20201123,FB
202010160005425,股市爆料同學會_Henry_自動化應用程式廣告Test_20200923_iOS,APP_INSTALLS,4,3,,,,,20201123,FB
202010160005426,丹尼爾_AOS_下載_軟體,APP_INSTALLS,23,2,,,,,20201123,FB
202010160005427,丹尼爾_IOS_下載_軟體,APP_INSTALLS,59,5,,,,,20201123,FB
202010160005428,股市爆料同學會_CM粉專_20201014,APP_INSTALLS,7,,,,,,20201123,FB
202010160005429,股市爆料同學會_影片廣告(無設受眾)_20201015_iOS,APP_INSTALLS,19,3,,,,,20201123,FB
202010160005430,股市爆料同學會_理財受眾A(非儲備受眾)_20201016,APP_INSTALLS,14,2,,,,,20201123,FB
202010160005431,第八屆大大工程師_20201020_陌生開發,LINK_CLICKS,973,,1,8388,,,20201123,FB
202010160005432,股市爆料同學會_影片廣告(無設受眾)_20201015_Android,APP_INSTALLS,12,2,,,,,20201123,FB
202010160005433,2020Q4林恩如_期指講座_轉換,CONVERSIONS,2556,,4,21081,,,20201123,FB
202010160005434,權證小哥_1023(轉換)_關鍵分點獨門解析講座,CONVERSIONS,792,,2,12159,,,20201123,FB
202010160005435,第八屆大大工程師_20201027_再行銷,LINK_CLICKS,615,,1,3590,,,20201123,FB
202010160005436,權證小哥_1029(觸及)_當沖實戰精華班,REACH,198,,1,3771,,,20201123,FB
202010160005437,2020 Q4 恩如LIKE,PAGE_LIKES,1200,,,,,,20201123,FB
202010160005438,第八屆大大工程師_20201103_精準組合,LINK_CLICKS,2034,,1,5808,,,20201123,FB
202010160005439,股市爆料同學會_理財受眾A(非儲備受眾)_20201105,APP_INSTALLS,9,,,,,,20201123,FB
202010160005440,股市爆料同學會_理財受眾A(非儲備受眾)_20201106,APP_INSTALLS,3,1,,,,,20201123,FB
202010160005441,2020Q4林恩如_實戰班講座_轉換,CONVERSIONS,4185,,14,90368,,,20201123,FB
202010160005442,20201110_艾蜜莉下載_IOS_自動化廣告_軟體,APP_INSTALLS,233,26,,,1,390,20201123,FB
202010160005443,20201110_艾蜜莉下載_Android_自動化廣告_軟體,APP_INSTALLS,237,18,,,,,20201123,FB
202010160005444,期貨電子盤_下載_IOS,APP_INSTALLS,104,3,,,,,20201123,FB
202010160005445,期貨電子盤_下載_Android-興趣期貨Broken,APP_INSTALLS,7,1,,,,,20201123,FB
202010160005446,期貨電子盤_下載_IOS,APP_INSTALLS,1,,,,,,20201123,FB
202010160005447,期貨電子盤_下載_Android,APP_INSTALLS,6,,,,,,20201123,FB
202010160005448,順流小畢_1113(轉換)_商務艙推廣,CONVERSIONS,199,,2,12189,,,20201123,FB
202010160005449,20201119_阿格力_下載_Android,APP_INSTALLS,651,34,1,11888,,,20201123,FB
202010160005450,武財神_APP下載_Android_20201120_股票圖,APP_INSTALLS,0,,,,,,20201123,FB
202010160005451,武財神_APP下載_Android_20201120_自動化廣告_股票圖,APP_INSTALLS,7,,,,,,20201123,FB
202010160005452,武財神_APP下載_iOS_20201120_自動化廣告_股票,APP_INSTALLS,0,,,,,,20201123,FB
202010160005453,股市爆料同學會_理財受眾A(非儲備受眾)_20201120,APP_INSTALLS,101,13,,,,,20201123,FB
202010160005454,股市爆料同學會_大眾_20201120,APP_INSTALLS,95,11,,,,,20201123,FB
202010160005455,武財神_APP下載_iOS_20201120_股票圖,APP_INSTALLS,252,9,,,,,20201123,FB
202010160005456,股市爆料同學會_測試專用_20201120,APP_INSTALLS,233,21,,,,,20201123,FB
202010160005457,權證小哥_1120(轉換)_籌K銷售,CONVERSIONS,2325,,37,206229,,,20201123,FB
202010160005458,施雅棠_流量_導直播,LINK_CLICKS,514,,3,17964,,,20201123,FB
202010160005459,第三屆大大PM營,LINK_CLICKS,686,,7,5888,,,20201123,FB
202010160005460,股市爆料同學會_測試專用_20200606(下載),APP_INSTALLS,2808,352,1,5765,,,20201124,FB
202010160005461,20200801_林恩如_AOS_下載_軟體,APP_INSTALLS,259,26,,,,,20201124,FB
202010160005462,20200801_林恩如_iOS_下載_軟體,APP_INSTALLS,904,42,,,8,790,20201124,FB
202010160005463,股市爆料同學會_大眾TA_20200828,APP_INSTALLS,8,,,,,,20201124,FB
202010160005464,無聊詹_IOS_軟體,APP_INSTALLS,163,6,,,,,20201124,FB
202010160005465,無聊詹_AOS_軟體,APP_INSTALLS,236,22,,,,,20201124,FB
202010160005466,股市爆料同學會_再行銷_20200922,APP_INSTALLS,23,1,,,,,20201124,FB
202010160005467,20200922_艾蜜莉APP_IOS_下載_軟體,APP_INSTALLS,1005,88,,,,,20201124,FB
202010160005468,20200922_艾蜜莉APP_Android_下載_軟體,APP_INSTALLS,361,29,,,,,20201124,FB
202010160005469,股市爆料同學會_Henry_自動化應用程式廣告Test_20200923_Android,APP_INSTALLS,4,2,,,,,20201124,FB
202010160005470,股市爆料同學會_理財綜合(非儲備受眾)_20200923,APP_INSTALLS,0,,,,,,20201124,FB
202010160005471,丹尼爾_AOS_下載_軟體,APP_INSTALLS,32,2,,,,,20201124,FB
202010160005472,丹尼爾_IOS_下載_軟體,APP_INSTALLS,118,5,1,1980,,,20201124,FB
202010160005473,股市爆料同學會_CM粉專_20201014,APP_INSTALLS,1,,,,,,20201124,FB
202010160005474,股市爆料同學會_影片廣告(無設受眾)_20201015_iOS,APP_INSTALLS,12,1,,,,,20201124,FB
202010160005475,股市爆料同學會_理財受眾A(非儲備受眾)_20201016,APP_INSTALLS,21,4,,,,,20201124,FB
202010160005476,第八屆大大工程師_20201020_陌生開發,LINK_CLICKS,690,,1,12606,,,20201124,FB
202010160005477,股市爆料同學會_影片廣告(無設受眾)_20201015_Android,APP_INSTALLS,11,1,,,,,20201124,FB
202010160005478,2020Q4林恩如_期指講座_轉換,CONVERSIONS,2721,,5,16015,,,20201124,FB
202010160005479,權證小哥_1023(轉換)_關鍵分點獨門解析講座,CONVERSIONS,785,,4,19428,,,20201124,FB
202010160005480,第八屆大大工程師_20201027_再行銷,LINK_CLICKS,287,,,,,,20201124,FB
202010160005481,權證小哥_1029(觸及)_當沖實戰精華班,REACH,197,,,,,,20201124,FB
202010160005482,2020 Q4 恩如LIKE,PAGE_LIKES,1212,,,,,,20201124,FB
202010160005483,第八屆大大工程師_20201103_精準組合,LINK_CLICKS,1937,,,,,,20201124,FB
202010160005484,股市爆料同學會_理財受眾A(非儲備受眾)_20201105,APP_INSTALLS,10,,,,,,20201124,FB
202010160005485,股市爆料同學會_理財受眾A(非儲備受眾)_20201106,APP_INSTALLS,8,,,,,,20201124,FB
202010160005486,2020Q4林恩如_實戰班講座_轉換,CONVERSIONS,4122,,20,162201,,,20201124,FB
202010160005487,20201110_艾蜜莉下載_IOS_自動化廣告_軟體,APP_INSTALLS,295,39,,,,,20201124,FB
202010160005488,20201110_艾蜜莉下載_Android_自動化廣告_軟體,APP_INSTALLS,182,24,,,,,20201124,FB
202010160005489,期貨電子盤_下載_IOS,APP_INSTALLS,68,,,,,,20201124,FB
202010160005490,期貨電子盤_下載_Android-興趣期貨Broken,APP_INSTALLS,4,,,,,,20201124,FB
202010160005491,順流小畢_1113(轉換)_商務艙推廣,CONVERSIONS,204,,2,3771,,,20201124,FB
202010160005492,20201119_阿格力_下載_Android,APP_INSTALLS,985,48,1,8388,,,20201124,FB
202010160005493,武財神_APP下載_Android_20201120_股票圖,APP_INSTALLS,0,,,,,,20201124,FB
202010160005494,武財神_APP下載_Android_20201120_自動化廣告_股票圖,APP_INSTALLS,2,,,,,,20201124,FB
202010160005495,武財神_APP下載_iOS_20201120_自動化廣告_股票,APP_INSTALLS,0,,,,,,20201124,FB
202010160005496,股市爆料同學會_理財受眾A(非儲備受眾)_20201120,APP_INSTALLS,12,1,,,,,20201124,FB
202010160005497,股市爆料同學會_大眾_20201120,APP_INSTALLS,118,14,,,,,20201124,FB
202010160005498,武財神_APP下載_iOS_20201120_股票圖,APP_INSTALLS,174,3,1,1980,1,90,20201124,FB
202010160005499,股市爆料同學會_測試專用_20201120,APP_INSTALLS,556,56,,,,,20201124,FB
202010160005500,施雅棠_流量_導直播,LINK_CLICKS,447,,11,43713,,,20201124,FB
202010160005501,第三屆大大PM營,LINK_CLICKS,851,,,,,,20201124,FB
202010160005502,施雅棠_首購購買(年),CONVERSIONS,2039,,22,122064,,,20201124,FB
202010160005503,權證小哥_1124(影片)_當沖實戰精華班,VIDEO_VIEWS,17,,1,3771,,,20201124,FB
202010160005504,權證小哥_1124(影片互動)_當沖實戰精華班,VIDEO_VIEWS,403,,14,101891,,,20201124,FB
202010160005505,20201124_股人阿勳_下載_Android_軟體,APP_INSTALLS,573,37,,,,,20201124,FB
202010160005506,20201124_股人阿勳_下載_IOS_軟體,APP_INSTALLS,573,24,,,,,20201124,FB
202010160005507,股市爆料同學會_測試專用_20200606(下載),APP_INSTALLS,1682,202,1,3590,,,20201125,FB
202010160005508,20200801_林恩如_AOS_下載_軟體,APP_INSTALLS,293,27,,,,,20201125,FB
202010160005509,20200801_林恩如_iOS_下載_軟體,APP_INSTALLS,498,29,,,,,20201125,FB
202010160005510,股市爆料同學會_大眾TA_20200828,APP_INSTALLS,7,1,,,,,20201125,FB
202010160005511,無聊詹_IOS_軟體,APP_INSTALLS,66,2,,,,,20201125,FB
202010160005512,無聊詹_AOS_軟體,APP_INSTALLS,169,10,2,2970,,,20201125,FB
202010160005513,股市爆料同學會_再行銷_20200922,APP_INSTALLS,40,8,,,,,20201125,FB
202010160005514,20200922_艾蜜莉APP_IOS_下載_軟體,APP_INSTALLS,1284,106,,,2,780,20201125,FB
202010160005515,20200922_艾蜜莉APP_Android_下載_軟體,APP_INSTALLS,270,23,,,,,20201125,FB
202010160005516,股市爆料同學會_Henry_自動化應用程式廣告Test_20200923_Android,APP_INSTALLS,3,,,,,,20201125,FB
202010160005517,股市爆料同學會_理財綜合(非儲備受眾)_20200923,APP_INSTALLS,0,,,,,,20201125,FB
202010160005518,丹尼爾_AOS_下載_軟體,APP_INSTALLS,33,1,,,,,20201125,FB
202010160005519,丹尼爾_IOS_下載_軟體,APP_INSTALLS,54,2,,,,,20201125,FB
202010160005520,股市爆料同學會_CM粉專_20201014,APP_INSTALLS,7,,,,,,20201125,FB
202010160005521,股市爆料同學會_影片廣告(無設受眾)_20201015_iOS,APP_INSTALLS,2,,,,,,20201125,FB
202010160005522,股市爆料同學會_理財受眾A(非儲備受眾)_20201016,APP_INSTALLS,8,3,,,,,20201125,FB
202010160005523,第八屆大大工程師_20201020_陌生開發,LINK_CLICKS,692,,,,,,20201125,FB
202010160005524,股市爆料同學會_影片廣告(無設受眾)_20201015_Android,APP_INSTALLS,3,1,,,,,20201125,FB
202010160005525,2020Q4林恩如_期指講座_轉換,CONVERSIONS,3492,,4,20756,,,20201125,FB
202010160005526,權證小哥_1023(轉換)_關鍵分點獨門解析講座,CONVERSIONS,820,,8,46282,,,20201125,FB
202010160005527,第八屆大大工程師_20201027_再行銷,LINK_CLICKS,300,,,,,,20201125,FB
202010160005528,權證小哥_1029(觸及)_當沖實戰精華班,REACH,201,,1,8888,,,20201125,FB
202010160005529,2020 Q4 恩如LIKE,PAGE_LIKES,1199,,,,,,20201125,FB
202010160005530,第八屆大大工程師_20201103_精準組合,LINK_CLICKS,1979,,1,7999,,,20201125,FB
202010160005531,股市爆料同學會_理財受眾A(非儲備受眾)_20201105,APP_INSTALLS,5,,,,,,20201125,FB
202010160005532,股市爆料同學會_理財受眾A(非儲備受眾)_20201106,APP_INSTALLS,5,,,,,,20201125,FB
202010160005533,2020Q4林恩如_實戰班講座_轉換,CONVERSIONS,2021,,10,54151,,,20201125,FB
202010160005534,20201110_艾蜜莉下載_IOS_自動化廣告_軟體,APP_INSTALLS,438,36,,,,,20201125,FB
202010160005535,20201110_艾蜜莉下載_Android_自動化廣告_軟體,APP_INSTALLS,175,20,,,,,20201125,FB
202010160005536,期貨電子盤_下載_IOS,APP_INSTALLS,38,,,,,,20201125,FB
202010160005537,期貨電子盤_下載_Android-興趣期貨Broken,APP_INSTALLS,4,,,,,,20201125,FB
202010160005538,順流小畢_1113(轉換)_商務艙推廣,CONVERSIONS,206,,2,9387,,,20201125,FB
202010160005539,20201119_阿格力_下載_Android,APP_INSTALLS,907,40,,,,,20201125,FB
202010160005540,武財神_APP下載_Android_20201120_股票圖,APP_INSTALLS,62,6,,,,,20201125,FB
202010160005541,武財神_APP下載_Android_20201120_自動化廣告_股票圖,APP_INSTALLS,6,,,,,,20201125,FB
202010160005542,武財神_APP下載_iOS_20201120_自動化廣告_股票,APP_INSTALLS,14,,,,,,20201125,FB
202010160005543,股市爆料同學會_理財受眾A(非儲備受眾)_20201120,APP_INSTALLS,116,17,,,,,20201125,FB
202010160005544,股市爆料同學會_大眾_20201120,APP_INSTALLS,284,51,,,,,20201125,FB
202010160005545,武財神_APP下載_iOS_20201120_股票圖,APP_INSTALLS,29,,,,,,20201125,FB
202010160005546,股市爆料同學會_測試專用_20201120,APP_INSTALLS,343,47,,,,,20201125,FB
202010160005547,第三屆大大PM營,LINK_CLICKS,926,,,,,,20201125,FB
202010160005548,施雅棠_首購購買(年),CONVERSIONS,2136,,18,105133,,,20201125,FB
202010160005549,權證小哥_1124(影片互動)_當沖實戰精華班,VIDEO_VIEWS,895,,58,346618,,,20201125,FB
202010160005550,20201124_股人阿勳_下載_Android_軟體,APP_INSTALLS,985,39,,,,,20201125,FB
202010160005551,20201124_股人阿勳_下載_IOS_軟體,APP_INSTALLS,1380,61,,,,,20201125,FB
202010160005552,股市爆料同學會_測試專用_20200606(下載),APP_INSTALLS,870,99,3,17607,,,20201126,FB
202010160005553,20200801_林恩如_AOS_下載_軟體,APP_INSTALLS,785,67,,,,,20201126,FB
202010160005554,20200801_林恩如_iOS_下載_軟體,APP_INSTALLS,735,37,1,,11,3950,20201126,FB
202010160005555,股市爆料同學會_大眾TA_20200828,APP_INSTALLS,0,,,,,,20201126,FB
202010160005556,無聊詹_IOS_軟體,APP_INSTALLS,89,6,,,,,20201126,FB
202010160005557,無聊詹_AOS_軟體,APP_INSTALLS,169,14,,,,,20201126,FB
202010160005558,股市爆料同學會_再行銷_20200922,APP_INSTALLS,41,5,,,,,20201126,FB
202010160005559,20200922_艾蜜莉APP_IOS_下載_軟體,APP_INSTALLS,641,46,,,1,390,20201126,FB
202010160005560,20200922_艾蜜莉APP_Android_下載_軟體,APP_INSTALLS,163,12,,,,,20201126,FB
202010160005561,股市爆料同學會_Henry_自動化應用程式廣告Test_20200923_Android,APP_INSTALLS,2,1,,,,,20201126,FB
202010160005562,股市爆料同學會_理財綜合(非儲備受眾)_20200923,APP_INSTALLS,0,,,,,,20201126,FB
202010160005563,丹尼爾_AOS_下載_軟體,APP_INSTALLS,14,1,,,,,20201126,FB
202010160005564,丹尼爾_IOS_下載_軟體,APP_INSTALLS,40,3,,,,,20201126,FB
202010160005565,股市爆料同學會_CM粉專_20201014,APP_INSTALLS,2,,,,,,20201126,FB
202010160005566,股市爆料同學會_影片廣告(無設受眾)_20201015_iOS,APP_INSTALLS,4,2,,,,,20201126,FB
202010160005567,股市爆料同學會_理財受眾A(非儲備受眾)_20201016,APP_INSTALLS,6,,,,,,20201126,FB
202010160005568,第八屆大大工程師_20201020_陌生開發,LINK_CLICKS,700,,1,3590,,,20201126,FB
202010160005569,股市爆料同學會_影片廣告(無設受眾)_20201015_Android,APP_INSTALLS,3,,,,,,20201126,FB
202010160005570,2020Q4林恩如_期指講座_轉換,CONVERSIONS,4113,,3,4793,,,20201126,FB
202010160005571,權證小哥_1023(轉換)_關鍵分點獨門解析講座,CONVERSIONS,807,,5,9340,,,20201126,FB
202010160005572,第八屆大大工程師_20201027_再行銷,LINK_CLICKS,297,,,,,,20201126,FB
202010160005573,權證小哥_1029(觸及)_當沖實戰精華班,REACH,202,,,,,,20201126,FB
202010160005574,2020 Q4 恩如LIKE,PAGE_LIKES,1160,,1,8888,,,20201126,FB
202010160005575,第八屆大大工程師_20201103_精準組合,LINK_CLICKS,1979,,,,,,20201126,FB
202010160005576,股市爆料同學會_理財受眾A(非儲備受眾)_20201105,APP_INSTALLS,0,,,,,,20201126,FB
202010160005577,股市爆料同學會_理財受眾A(非儲備受眾)_20201106,APP_INSTALLS,5,,,,,,20201126,FB
202010160005578,20201110_艾蜜莉下載_IOS_自動化廣告_軟體,APP_INSTALLS,427,38,,,,,20201126,FB
202010160005579,20201110_艾蜜莉下載_Android_自動化廣告_軟體,APP_INSTALLS,191,17,,,,,20201126,FB
202010160005580,期貨電子盤_下載_IOS,APP_INSTALLS,27,1,,,,,20201126,FB
202010160005581,期貨電子盤_下載_Android-興趣期貨Broken,APP_INSTALLS,1,,,,,,20201126,FB
202010160005582,順流小畢_1113(轉換)_商務艙推廣,CONVERSIONS,202,,5,17043,,,20201126,FB
202010160005583,20201119_阿格力_下載_Android,APP_INSTALLS,508,17,,,,,20201126,FB
202010160005584,武財神_APP下載_Android_20201120_股票圖,APP_INSTALLS,204,11,,,,,20201126,FB
202010160005585,武財神_APP下載_Android_20201120_自動化廣告_股票圖,APP_INSTALLS,6,2,,,,,20201126,FB
202010160005586,武財神_APP下載_iOS_20201120_自動化廣告_股票,APP_INSTALLS,26,1,,,,,20201126,FB
202010160005587,股市爆料同學會_理財受眾A(非儲備受眾)_20201120,APP_INSTALLS,388,62,,,,,20201126,FB
202010160005588,股市爆料同學會_大眾_20201120,APP_INSTALLS,188,30,,,,,20201126,FB
202010160005589,武財神_APP下載_iOS_20201120_股票圖,APP_INSTALLS,2,,,,,,20201126,FB
202010160005590,股市爆料同學會_測試專用_20201120,APP_INSTALLS,611,85,,,,,20201126,FB
202010160005591,第三屆大大PM營,LINK_CLICKS,917,,1,,,,20201126,FB
202010160005592,施雅棠_首購購買(年),CONVERSIONS,2190,,20,88863,,,20201126,FB
202010160005593,權證小哥_1124(影片互動)_當沖實戰精華班,VIDEO_VIEWS,892,,32,185858,,,20201126,FB
202010160005594,20201124_股人阿勳_下載_Android_軟體,APP_INSTALLS,447,24,,,,,20201126,FB
202010160005595,20201124_股人阿勳_下載_IOS_軟體,APP_INSTALLS,916,42,,,,,20201126,FB
202010160005596,股市爆料同學會_測試專用_20200606(下載),APP_INSTALLS,209,33,,,,,20201127,FB
202010160005597,20200801_林恩如_AOS_下載_軟體,APP_INSTALLS,827,53,,,,,20201127,FB
202010160005598,20200801_林恩如_iOS_下載_軟體,APP_INSTALLS,621,23,1,3590,1,,20201127,FB
202010160005599,無聊詹_IOS_軟體,APP_INSTALLS,78,5,,,,,20201127,FB
202010160005600,無聊詹_AOS_軟體,APP_INSTALLS,120,14,,,,,20201127,FB
202010160005601,股市爆料同學會_再行銷_20200922,APP_INSTALLS,39,7,,,,,20201127,FB
202010160005602,20200922_艾蜜莉APP_IOS_下載_軟體,APP_INSTALLS,393,35,,,,,20201127,FB
202010160005603,20200922_艾蜜莉APP_Android_下載_軟體,APP_INSTALLS,175,12,,,,,20201127,FB
202010160005604,股市爆料同學會_Henry_自動化應用程式廣告Test_20200923_Android,APP_INSTALLS,2,,,,,,20201127,FB
202010160005605,股市爆料同學會_理財綜合(非儲備受眾)_20200923,APP_INSTALLS,0,,,,,,20201127,FB
202010160005606,丹尼爾_AOS_下載_軟體,APP_INSTALLS,16,,,,,,20201127,FB
202010160005607,丹尼爾_IOS_下載_軟體,APP_INSTALLS,23,3,,,,,20201127,FB
202010160005608,股市爆料同學會_影片廣告(無設受眾)_20201015_iOS,APP_INSTALLS,7,,,,,,20201127,FB
202010160005609,股市爆料同學會_理財受眾A(非儲備受眾)_20201016,APP_INSTALLS,4,,,,,,20201127,FB
202010160005610,第八屆大大工程師_20201020_陌生開發,LINK_CLICKS,694,,,,,,20201127,FB
202010160005611,股市爆料同學會_影片廣告(無設受眾)_20201015_Android,APP_INSTALLS,3,1,,,,,20201127,FB
202010160005612,2020Q4林恩如_期指講座_轉換,CONVERSIONS,4195,,7,29042,,,20201127,FB
202010160005613,權證小哥_1023(轉換)_關鍵分點獨門解析講座,CONVERSIONS,812,,5,17134,,,20201127,FB
202010160005614,第八屆大大工程師_20201027_再行銷,LINK_CLICKS,303,,,,,,20201127,FB
202010160005615,權證小哥_1029(觸及)_當沖實戰精華班,REACH,198,,,,,,20201127,FB
202010160005616,2020 Q4 恩如LIKE,PAGE_LIKES,1228,,,,,,20201127,FB
202010160005617,第八屆大大工程師_20201103_精準組合,LINK_CLICKS,2006,,,,,,20201127,FB
202010160005618,20201110_艾蜜莉下載_IOS_自動化廣告_軟體,APP_INSTALLS,369,26,,,,,20201127,FB
202010160005619,20201110_艾蜜莉下載_Android_自動化廣告_軟體,APP_INSTALLS,192,17,,,,,20201127,FB
202010160005620,期貨電子盤_下載_IOS,APP_INSTALLS,36,1,,,,,20201127,FB
202010160005621,期貨電子盤_下載_Android-興趣期貨Broken,APP_INSTALLS,0,,,,,,20201127,FB
202010160005622,順流小畢_1113(轉換)_商務艙推廣,CONVERSIONS,200,,6,33954,,,20201127,FB
202010160005623,20201119_阿格力_下載_Android,APP_INSTALLS,315,15,,,,,20201127,FB
202010160005624,武財神_APP下載_Android_20201120_股票圖,APP_INSTALLS,7,,,,,,20201127,FB
202010160005625,武財神_APP下載_Android_20201120_自動化廣告_股票圖,APP_INSTALLS,58,3,,,,,20201127,FB
202010160005626,武財神_APP下載_iOS_20201120_自動化廣告_股票,APP_INSTALLS,15,2,,,1,90,20201127,FB
202010160005627,股市爆料同學會_理財受眾A(非儲備受眾)_20201120,APP_INSTALLS,500,64,,,,,20201127,FB
202010160005628,股市爆料同學會_大眾_20201120,APP_INSTALLS,93,13,,,,,20201127,FB
202010160005629,武財神_APP下載_iOS_20201120_股票圖,APP_INSTALLS,0,,,,,,20201127,FB
202010160005630,股市爆料同學會_測試專用_20201120,APP_INSTALLS,848,96,,,,,20201127,FB
202010160005631,第三屆大大PM營,LINK_CLICKS,848,,1,3577,,,20201127,FB
202010160005632,施雅棠_首購購買(年),CONVERSIONS,2374,,12,57014,,,20201127,FB
202010160005633,權證小哥_1124(影片互動)_當沖實戰精華班,VIDEO_VIEWS,883,,6,22323,,,20201127,FB
202010160005634,20201124_股人阿勳_下載_Android_軟體,APP_INSTALLS,510,33,,,,,20201127,FB
202010160005635,20201124_股人阿勳_下載_IOS_軟體,APP_INSTALLS,640,38,,,,,20201127,FB
202010160005636,20201126阿格力講座轉換(台北)_講座,CONVERSIONS,2015,,4,15481,,,20201127,FB
202010160005637,20201126阿格力講座轉換(高雄)_講座,CONVERSIONS,1438,,3,8572,,,20201127,FB
202010160005638,20201126阿格力講座轉換(台中)_講座,CONVERSIONS,531,,4,13680,,,20201127,FB
202010160005639,股市爆料同學會_測試專用_20200606(下載),APP_INSTALLS,131,22,,,,,20201128,FB
202010160005640,20200801_林恩如_AOS_下載_軟體,APP_INSTALLS,1204,94,,,,,20201128,FB
202010160005641,20200801_林恩如_iOS_下載_軟體,APP_INSTALLS,474,27,,,1,,20201128,FB
202010160005642,無聊詹_IOS_軟體,APP_INSTALLS,66,2,,,,,20201128,FB
202010160005643,無聊詹_AOS_軟體,APP_INSTALLS,99,8,,,,,20201128,FB
202010160005644,股市爆料同學會_再行銷_20200922,APP_INSTALLS,23,4,,,,,20201128,FB
202010160005645,20200922_艾蜜莉APP_IOS_下載_軟體,APP_INSTALLS,1209,82,,,,,20201128,FB
202010160005646,20200922_艾蜜莉APP_Android_下載_軟體,APP_INSTALLS,209,16,,,,,20201128,FB
202010160005647,股市爆料同學會_Henry_自動化應用程式廣告Test_20200923_Android,APP_INSTALLS,3,1,,,,,20201128,FB
202010160005648,股市爆料同學會_理財綜合(非儲備受眾)_20200923,APP_INSTALLS,1,,,,,,20201128,FB
202010160005649,丹尼爾_AOS_下載_軟體,APP_INSTALLS,18,2,,,,,20201128,FB
202010160005650,丹尼爾_IOS_下載_軟體,APP_INSTALLS,49,3,1,990,,,20201128,FB
202010160005651,股市爆料同學會_影片廣告(無設受眾)_20201015_iOS,APP_INSTALLS,5,1,,,,,20201128,FB
202010160005652,股市爆料同學會_理財受眾A(非儲備受眾)_20201016,APP_INSTALLS,3,1,,,,,20201128,FB
202010160005653,第八屆大大工程師_20201020_陌生開發,LINK_CLICKS,686,,,,,,20201128,FB
202010160005654,股市爆料同學會_影片廣告(無設受眾)_20201015_Android,APP_INSTALLS,5,,,,,,20201128,FB
202010160005655,2020Q4林恩如_期指講座_轉換,CONVERSIONS,1468,,3,20293,,,20201128,FB
202010160005656,權證小哥_1023(轉換)_關鍵分點獨門解析講座,CONVERSIONS,805,,4,14813,,,20201128,FB
202010160005657,第八屆大大工程師_20201027_再行銷,LINK_CLICKS,297,,,,,,20201128,FB
202010160005658,權證小哥_1029(觸及)_當沖實戰精華班,REACH,204,,1,3577,,,20201128,FB
202010160005659,2020 Q4 恩如LIKE,PAGE_LIKES,1200,,,,,,20201128,FB
202010160005660,第八屆大大工程師_20201103_精準組合,LINK_CLICKS,1984,,3,8166,,,20201128,FB
202010160005661,20201110_艾蜜莉下載_IOS_自動化廣告_軟體,APP_INSTALLS,404,38,,,,,20201128,FB
202010160005662,20201110_艾蜜莉下載_Android_自動化廣告_軟體,APP_INSTALLS,272,25,,,,,20201128,FB
202010160005663,期貨電子盤_下載_IOS,APP_INSTALLS,46,2,,,,,20201128,FB
202010160005664,期貨電子盤_下載_Android-興趣期貨Broken,APP_INSTALLS,1,,,,,,20201128,FB
202010160005665,20201119_阿格力_下載_Android,APP_INSTALLS,304,20,,,,,20201128,FB
202010160005666,武財神_APP下載_Android_20201120_股票圖,APP_INSTALLS,27,1,,,,,20201128,FB
202010160005667,武財神_APP下載_Android_20201120_自動化廣告_股票圖,APP_INSTALLS,21,,,,,,20201128,FB
202010160005668,武財神_APP下載_iOS_20201120_自動化廣告_股票,APP_INSTALLS,4,1,,,,,20201128,FB
202010160005669,股市爆料同學會_理財受眾A(非儲備受眾)_20201120,APP_INSTALLS,828,96,3,5964,,,20201128,FB
202010160005670,股市爆料同學會_大眾_20201120,APP_INSTALLS,36,5,,,,,20201128,FB
202010160005671,武財神_APP下載_iOS_20201120_股票圖,APP_INSTALLS,0,,,,,,20201128,FB
202010160005672,股市爆料同學會_測試專用_20201120,APP_INSTALLS,390,52,,,,,20201128,FB
202010160005673,第三屆大大PM營,LINK_CLICKS,772,,1,11888,,,20201128,FB
202010160005674,施雅棠_首購購買(年),CONVERSIONS,1654,,7,37094,,,20201128,FB
202010160005675,權證小哥_1124(影片互動)_當沖實戰精華班,VIDEO_VIEWS,873,,9,24051,,,20201128,FB
202010160005676,20201124_股人阿勳_下載_Android_軟體,APP_INSTALLS,833,42,,,,,20201128,FB
202010160005677,20201124_股人阿勳_下載_IOS_軟體,APP_INSTALLS,1028,48,,,,,20201128,FB
202010160005678,20201126阿格力講座轉換(台北)_講座,CONVERSIONS,1544,,7,31573,,,20201128,FB
202010160005679,20201126阿格力講座轉換(高雄)_講座,CONVERSIONS,2180,,4,12907,,,20201128,FB
202010160005680,20201126阿格力講座轉換(台中)_講座,CONVERSIONS,2852,,6,18236,,,20201128,FB
202010160005681,股市爆料同學會_測試專用_20200606(下載),APP_INSTALLS,88,13,,,,,20201129,FB
202010160005682,20200801_林恩如_AOS_下載_軟體,APP_INSTALLS,977,80,3,7180,,,20201129,FB
202010160005683,20200801_林恩如_iOS_下載_軟體,APP_INSTALLS,449,24,,,1,,20201129,FB
202010160005684,無聊詹_IOS_軟體,APP_INSTALLS,254,20,1,3590,,,20201129,FB
202010160005685,無聊詹_AOS_軟體,APP_INSTALLS,218,21,1,1988,,,20201129,FB
202010160005686,股市爆料同學會_再行銷_20200922,APP_INSTALLS,32,2,,,,,20201129,FB
202010160005687,20200922_艾蜜莉APP_IOS_下載_軟體,APP_INSTALLS,938,73,,,,,20201129,FB
202010160005688,20200922_艾蜜莉APP_Android_下載_軟體,APP_INSTALLS,298,23,,,,,20201129,FB
202010160005689,股市爆料同學會_Henry_自動化應用程式廣告Test_20200923_Android,APP_INSTALLS,6,,,,,,20201129,FB
202010160005690,股市爆料同學會_理財綜合(非儲備受眾)_20200923,APP_INSTALLS,0,,,,,,20201129,FB
202010160005691,丹尼爾_AOS_下載_軟體,APP_INSTALLS,53,6,,,,,20201129,FB
202010160005692,丹尼爾_IOS_下載_軟體,APP_INSTALLS,79,6,,,,,20201129,FB
202010160005693,第三屆大大PM,REACH,154,,,,,,20201129,FB
202010160005694,股市爆料同學會_影片廣告(無設受眾)_20201015_iOS,APP_INSTALLS,5,,,,,,20201129,FB
202010160005695,股市爆料同學會_理財受眾A(非儲備受眾)_20201016,APP_INSTALLS,3,,,,,,20201129,FB
202010160005696,第八屆大大工程師_20201020_陌生開發,LINK_CLICKS,704,,,,,,20201129,FB
202010160005697,股市爆料同學會_影片廣告(無設受眾)_20201015_Android,APP_INSTALLS,4,2,,,,,20201129,FB
202010160005698,權證小哥_1023(轉換)_關鍵分點獨門解析講座,CONVERSIONS,786,,2,1988,,,20201129,FB
202010160005699,第八屆大大工程師_20201027_再行銷,LINK_CLICKS,300,,,,,,20201129,FB
202010160005700,權證小哥_1029(觸及)_當沖實戰精華班,REACH,199,,1,8427,,,20201129,FB
202010160005701,2020 Q4 恩如LIKE,PAGE_LIKES,1206,,1,3590,,,20201129,FB
202010160005702,第八屆大大工程師_20201103_精準組合,LINK_CLICKS,2011,,1,,,,20201129,FB
202010160005703,20201110_艾蜜莉下載_IOS_自動化廣告_軟體,APP_INSTALLS,548,50,,,,,20201129,FB
202010160005704,20201110_艾蜜莉下載_Android_自動化廣告_軟體,APP_INSTALLS,365,30,,,,,20201129,FB
202010160005705,期貨電子盤_下載_IOS,APP_INSTALLS,74,2,,,,,20201129,FB
202010160005706,期貨電子盤_下載_Android-興趣期貨Broken,APP_INSTALLS,2,,,,,,20201129,FB
202010160005707,20201119_阿格力_下載_Android,APP_INSTALLS,525,31,,,,,20201129,FB
202010160005708,武財神_APP下載_Android_20201120_股票圖,APP_INSTALLS,4,,,,,,20201129,FB
202010160005709,武財神_APP下載_Android_20201120_自動化廣告_股票圖,APP_INSTALLS,35,2,,,,,20201129,FB
202010160005710,武財神_APP下載_iOS_20201120_自動化廣告_股票,APP_INSTALLS,7,1,,,,,20201129,FB
202010160005711,股市爆料同學會_理財受眾A(非儲備受眾)_20201120,APP_INSTALLS,666,90,,,,,20201129,FB
202010160005712,股市爆料同學會_大眾_20201120,APP_INSTALLS,31,6,,,,,20201129,FB
202010160005713,武財神_APP下載_iOS_20201120_股票圖,APP_INSTALLS,2,,,,,,20201129,FB
202010160005714,股市爆料同學會_測試專用_20201120,APP_INSTALLS,601,74,,,,,20201129,FB
202010160005715,施雅棠_首購購買(年),CONVERSIONS,1743,,6,34239,,,20201129,FB
202010160005716,權證小哥_1124(影片互動)_當沖實戰精華班,VIDEO_VIEWS,883,,9,61670,,,20201129,FB
202010160005717,20201124_股人阿勳_下載_Android_軟體,APP_INSTALLS,1382,96,,,,,20201129,FB
202010160005718,20201124_股人阿勳_下載_IOS_軟體,APP_INSTALLS,1505,77,,,,,20201129,FB
202010160005719,20201126阿格力講座轉換(台北)_講座,CONVERSIONS,992,,6,23574,,,20201129,FB
202010160005720,20201126阿格力講座轉換(高雄)_講座,CONVERSIONS,1885,,14,48915,,,20201129,FB
202010160005721,20201126阿格力講座轉換(台中)_講座,CONVERSIONS,1358,,2,6184,,,20201129,FB
202010160005722,股市爆料同學會_測試專用_20200606(下載),APP_INSTALLS,276,47,,,,,20201130,FB
202010160005723,20200801_林恩如_AOS_下載_軟體,APP_INSTALLS,466,36,,,,,20201130,FB
202010160005724,20200801_林恩如_iOS_下載_軟體,APP_INSTALLS,279,18,,,,,20201130,FB
202010160005725,無聊詹_IOS_軟體,APP_INSTALLS,252,21,,,11,9680,20201130,FB
202010160005726,無聊詹_AOS_軟體,APP_INSTALLS,172,15,,,,,20201130,FB
202010160005727,股市爆料同學會_再行銷_20200922,APP_INSTALLS,23,2,,,,,20201130,FB
202010160005728,20200922_艾蜜莉APP_IOS_下載_軟體,APP_INSTALLS,626,46,1,3590,,,20201130,FB
202010160005729,20200922_艾蜜莉APP_Android_下載_軟體,APP_INSTALLS,251,18,,,,,20201130,FB
202010160005730,股市爆料同學會_Henry_自動化應用程式廣告Test_20200923_Android,APP_INSTALLS,7,3,,,,,20201130,FB
202010160005731,股市爆料同學會_理財綜合(非儲備受眾)_20200923,APP_INSTALLS,0,,,,,,20201130,FB
202010160005732,丹尼爾_AOS_下載_軟體,APP_INSTALLS,41,1,,,,,20201130,FB
202010160005733,丹尼爾_IOS_下載_軟體,APP_INSTALLS,46,3,2,4580,,,20201130,FB
202010160005734,第三屆大大PM,REACH,802,,,,,,20201130,FB
202010160005735,股市爆料同學會_影片廣告(無設受眾)_20201015_iOS,APP_INSTALLS,19,6,,,,,20201130,FB
202010160005736,股市爆料同學會_理財受眾A(非儲備受眾)_20201016,APP_INSTALLS,1,,,,,,20201130,FB
202010160005737,第八屆大大工程師_20201020_陌生開發,LINK_CLICKS,704,,,,,,20201130,FB
202010160005738,股市爆料同學會_影片廣告(無設受眾)_20201015_Android,APP_INSTALLS,4,,,,,,20201130,FB
202010160005739,權證小哥_1023(轉換)_關鍵分點獨門解析講座,CONVERSIONS,793,,6,18789,,,20201130,FB
202010160005740,第八屆大大工程師_20201027_再行銷,LINK_CLICKS,302,,,,,,20201130,FB
202010160005741,權證小哥_1029(觸及)_當沖實戰精華班,REACH,200,,,,,,20201130,FB
202010160005742,2020 Q4 恩如LIKE,PAGE_LIKES,1193,,2,4658,,,20201130,FB
202010160005743,第八屆大大工程師_20201103_精準組合,LINK_CLICKS,1998,,,,,,20201130,FB
202010160005744,20201110_艾蜜莉下載_IOS_自動化廣告_軟體,APP_INSTALLS,498,41,,,,,20201130,FB
202010160005745,20201110_艾蜜莉下載_Android_自動化廣告_軟體,APP_INSTALLS,331,15,,,,,20201130,FB
202010160005746,期貨電子盤_下載_IOS,APP_INSTALLS,41,1,1,8621,,,20201130,FB
202010160005747,期貨電子盤_下載_Android-興趣期貨Broken,APP_INSTALLS,2,,,,,,20201130,FB
202010160005748,20201119_阿格力_下載_Android,APP_INSTALLS,10,2,,,,,20201130,FB
202010160005749,20201119_阿格力_下載_IOS,APP_INSTALLS,8,,,,,,20201130,FB
202010160005750,武財神_APP下載_Android_20201120_股票圖,APP_INSTALLS,1,,,,,,20201130,FB
202010160005751,武財神_APP下載_Android_20201120_自動化廣告_股票圖,APP_INSTALLS,29,2,,,,,20201130,FB
202010160005752,武財神_APP下載_iOS_20201120_自動化廣告_股票,APP_INSTALLS,4,,,,,,20201130,FB
202010160005753,股市爆料同學會_理財受眾A(非儲備受眾)_20201120,APP_INSTALLS,348,53,1,3590,,,20201130,FB
202010160005754,股市爆料同學會_大眾_20201120,APP_INSTALLS,32,3,,,,,20201130,FB
202010160005755,武財神_APP下載_iOS_20201120_股票圖,APP_INSTALLS,1,,,,,,20201130,FB
202010160005756,股市爆料同學會_測試專用_20201120,APP_INSTALLS,194,26,,,,,20201130,FB
202010160005757,施雅棠_首購購買(年),CONVERSIONS,1259,,4,15896,,,20201130,FB
202010160005758,權證小哥_1124(影片互動)_當沖實戰精華班,VIDEO_VIEWS,905,,8,48704,,,20201130,FB
202010160005759,20201124_股人阿勳_下載_Android_軟體,APP_INSTALLS,1387,73,,,,,20201130,FB
202010160005760,20201124_股人阿勳_下載_IOS_軟體,APP_INSTALLS,1278,65,,,,,20201130,FB
202010160005761,20201126阿格力講座轉換(台北)_講座,CONVERSIONS,682,,4,16444,,,20201130,FB
202010160005762,2020Q4林恩如_強棒講座_轉換,CONVERSIONS,141,,2,12211,,,20201130,FB
202010160005763,股市爆料同學會_測試專用_20200606(下載),APP_INSTALLS,1044,163,1,3590,,,20201201,FB
202010160005764,20200801_林恩如_AOS_下載_軟體,APP_INSTALLS,559,42,,,,,20201201,FB
202010160005765,20200801_林恩如_iOS_下載_軟體,APP_INSTALLS,238,20,1,1980,3,,20201201,FB
202010160005766,無聊詹_IOS_軟體,APP_INSTALLS,208,11,,,,,20201201,FB
202010160005767,無聊詹_AOS_軟體,APP_INSTALLS,146,14,,,,,20201201,FB
202010160005768,股市爆料同學會_再行銷_20200922,APP_INSTALLS,25,3,,,,,20201201,FB
202010160005769,20200922_艾蜜莉APP_IOS_下載_軟體,APP_INSTALLS,1449,100,1,590,,,20201201,FB
202010160005770,20200922_艾蜜莉APP_Android_下載_軟體,APP_INSTALLS,469,34,,,,,20201201,FB
202010160005771,股市爆料同學會_Henry_自動化應用程式廣告Test_20200923_Android,APP_INSTALLS,5,,,,,,20201201,FB
202010160005772,股市爆料同學會_理財綜合(非儲備受眾)_20200923,APP_INSTALLS,0,,,,,,20201201,FB
202010160005773,丹尼爾_AOS_下載_軟體,APP_INSTALLS,22,2,,,,,20201201,FB
202010160005774,丹尼爾_IOS_下載_軟體,APP_INSTALLS,47,3,,,,,20201201,FB
202010160005775,第三屆大大PM,REACH,863,,,,,,20201201,FB
202010160005776,股市爆料同學會_影片廣告(無設受眾)_20201015_iOS,APP_INSTALLS,36,6,,,,,20201201,FB
202010160005777,股市爆料同學會_理財受眾A(非儲備受眾)_20201016,APP_INSTALLS,1,,,,,,20201201,FB
202010160005778,第八屆大大工程師_20201020_陌生開發,LINK_CLICKS,700,,,,,,20201201,FB
202010160005779,股市爆料同學會_影片廣告(無設受眾)_20201015_Android,APP_INSTALLS,5,,,,,,20201201,FB
202010160005780,權證小哥_1023(轉換)_關鍵分點獨門解析講座,CONVERSIONS,794,,11,54695,,,20201201,FB
202010160005781,第八屆大大工程師_20201027_再行銷,LINK_CLICKS,286,,,,,,20201201,FB
202010160005782,權證小哥_1029(觸及)_當沖實戰精華班,REACH,200,,2,12470,,,20201201,FB
202010160005783,2020 Q4 恩如LIKE,PAGE_LIKES,1198,,1,999,,,20201201,FB
202010160005784,第八屆大大工程師_20201103_精準組合,LINK_CLICKS,2013,,2,5578,,,20201201,FB
202010160005785,20201110_艾蜜莉下載_IOS_自動化廣告_軟體,APP_INSTALLS,846,64,,,,,20201201,FB
202010160005786,20201110_艾蜜莉下載_Android_自動化廣告_軟體,APP_INSTALLS,548,43,,,,,20201201,FB
202010160005787,期貨電子盤_下載_IOS,APP_INSTALLS,23,1,,,,,20201201,FB
202010160005788,期貨電子盤_下載_Android-興趣期貨Broken,APP_INSTALLS,1,,,,,,20201201,FB
202010160005789,20201119_阿格力_下載_Android,APP_INSTALLS,464,18,1,8621,,,20201201,FB
202010160005790,20201119_阿格力_下載_IOS,APP_INSTALLS,74,6,,,,,20201201,FB
202010160005791,武財神_APP下載_Android_20201120_股票圖,APP_INSTALLS,293,21,,,,,20201201,FB
202010160005792,武財神_APP下載_Android_20201120_自動化廣告_股票圖,APP_INSTALLS,57,3,,,,,20201201,FB
202010160005793,武財神_APP下載_iOS_20201120_自動化廣告_股票,APP_INSTALLS,7,,,,,,20201201,FB
202010160005794,股市爆料同學會_理財受眾A(非儲備受眾)_20201120,APP_INSTALLS,768,105,,,,,20201201,FB
202010160005795,股市爆料同學會_大眾_20201120,APP_INSTALLS,18,6,,,,,20201201,FB
202010160005796,武財神_APP下載_iOS_20201120_股票圖,APP_INSTALLS,131,1,,,,,20201201,FB
202010160005797,股市爆料同學會_測試專用_20201120,APP_INSTALLS,225,35,,,,,20201201,FB
202010160005798,施雅棠_流量_導直播,LINK_CLICKS,574,,2,8376,,,20201201,FB
202010160005799,施雅棠_首購購買(年),CONVERSIONS,822,,1,5988,,,20201201,FB
202010160005800,權證小哥_1124(影片互動)_當沖實戰精華班,VIDEO_VIEWS,889,,5,25613,,,20201201,FB
202010160005801,20201124_股人阿勳_下載_Android_軟體,APP_INSTALLS,651,44,,,,,20201201,FB
202010160005802,20201124_股人阿勳_下載_IOS_軟體,APP_INSTALLS,1544,60,,,,,20201201,FB
202010160005803,20201126阿格力講座轉換(台北)_講座,CONVERSIONS,2677,,11,59719,,,20201201,FB
202010160005804,20201126阿格力講座轉換(高雄)_講座,CONVERSIONS,2154,,3,12036,,,20201201,FB
202010160005805,20201126阿格力講座轉換(台中)_講座,CONVERSIONS,1912,,5,32348,,,20201201,FB
202010160005806,2020Q4林恩如_強棒講座_轉換,CONVERSIONS,542,,16,128435,,,20201201,FB
202010160005807,股市爆料同學會_測試專用_20200606(下載),APP_INSTALLS,932,128,3,15801,,,20201202,FB
202010160005808,20200801_林恩如_AOS_下載_軟體,APP_INSTALLS,344,28,,,1,850,20201202,FB
202010160005809,20200801_林恩如_iOS_下載_軟體,APP_INSTALLS,166,17,,,,,20201202,FB
202010160005810,無聊詹_IOS_軟體,APP_INSTALLS,138,4,,,,,20201202,FB
202010160005811,無聊詹_AOS_軟體,APP_INSTALLS,94,8,,,,,20201202,FB
202010160005812,股市爆料同學會_再行銷_20200922,APP_INSTALLS,18,2,,,,,20201202,FB
202010160005813,20200922_艾蜜莉APP_IOS_下載_軟體,APP_INSTALLS,2755,183,,,,,20201202,FB
202010160005814,20200922_艾蜜莉APP_Android_下載_軟體,APP_INSTALLS,1020,80,,,,,20201202,FB
202010160005815,股市爆料同學會_Henry_自動化應用程式廣告Test_20200923_Android,APP_INSTALLS,0,,,,,,20201202,FB
202010160005816,股市爆料同學會_理財綜合(非儲備受眾)_20200923,APP_INSTALLS,0,,,,,,20201202,FB
202010160005817,丹尼爾_AOS_下載_軟體,APP_INSTALLS,16,,,,,,20201202,FB
202010160005818,丹尼爾_IOS_下載_軟體,APP_INSTALLS,34,3,,,,,20201202,FB
202010160005819,第三屆大大PM,REACH,827,,,,,,20201202,FB
202010160005820,股市爆料同學會_影片廣告(無設受眾)_20201015_iOS,APP_INSTALLS,51,9,,,,,20201202,FB
202010160005821,股市爆料同學會_理財受眾A(非儲備受眾)_20201016,APP_INSTALLS,0,,,,,,20201202,FB
202010160005822,第八屆大大工程師_20201020_陌生開發,LINK_CLICKS,696,,,,,,20201202,FB
202010160005823,股市爆料同學會_影片廣告(無設受眾)_20201015_Android,APP_INSTALLS,0,1,,,,,20201202,FB
202010160005824,權證小哥_1023(轉換)_關鍵分點獨門解析講座,CONVERSIONS,596,,3,8764,,,20201202,FB
202010160005825,第八屆大大工程師_20201027_再行銷,LINK_CLICKS,303,,,,,,20201202,FB
202010160005826,權證小哥_1029(觸及)_當沖實戰精華班,REACH,201,,1,8621,,,20201202,FB
202010160005827,2020 Q4 恩如LIKE,PAGE_LIKES,1893,,,,,,20201202,FB
202010160005828,第八屆大大工程師_20201103_精準組合,LINK_CLICKS,2009,,4,4887,,,20201202,FB
202010160005829,20201110_艾蜜莉下載_IOS_自動化廣告_軟體,APP_INSTALLS,1136,93,,,,,20201202,FB
202010160005830,20201110_艾蜜莉下載_Android_自動化廣告_軟體,APP_INSTALLS,618,44,,,,,20201202,FB
202010160005831,期貨電子盤_下載_IOS,APP_INSTALLS,14,,,,,,20201202,FB
202010160005832,20201119_阿格力_下載_Android,APP_INSTALLS,336,23,,,,,20201202,FB
202010160005833,20201119_阿格力_下載_IOS,APP_INSTALLS,190,13,,,,,20201202,FB
202010160005834,武財神_APP下載_Android_20201120_股票圖,APP_INSTALLS,481,21,,,,,20201202,FB
202010160005835,武財神_APP下載_Android_20201120_自動化廣告_股票圖,APP_INSTALLS,53,4,,,,,20201202,FB
202010160005836,武財神_APP下載_iOS_20201120_自動化廣告_股票,APP_INSTALLS,0,,,,,,20201202,FB
202010160005837,股市爆料同學會_理財受眾A(非儲備受眾)_20201120,APP_INSTALLS,697,111,1,3590,,,20201202,FB
202010160005838,股市爆料同學會_大眾_20201120,APP_INSTALLS,4,1,,,,,20201202,FB
202010160005839,武財神_APP下載_iOS_20201120_股票圖,APP_INSTALLS,126,2,,,1,90,20201202,FB
202010160005840,股市爆料同學會_測試專用_20201120,APP_INSTALLS,328,42,,,,,20201202,FB
202010160005841,施雅棠_流量_導直播,LINK_CLICKS,102,,,,,,20201202,FB
202010160005842,施雅棠_首購購買(年),CONVERSIONS,343,,7,38332,,,20201202,FB
202010160005843,權證小哥_1124(影片互動)_當沖實戰精華班,VIDEO_VIEWS,904,,7,40303,,,20201202,FB
202010160005844,20201124_股人阿勳_下載_Android_軟體,APP_INSTALLS,1186,59,,,,,20201202,FB
202010160005845,20201124_股人阿勳_下載_IOS_軟體,APP_INSTALLS,1550,65,,,,,20201202,FB
202010160005846,20201126阿格力講座轉換(台北)_講座,CONVERSIONS,1528,,10,32391,,,20201202,FB
202010160005847,20201126阿格力講座轉換(高雄)_講座,CONVERSIONS,1237,,8,35026,,,20201202,FB
202010160005848,20201126阿格力講座轉換(台中)_講座,CONVERSIONS,464,,2,10452,,,20201202,FB
202010160005849,2020Q4林恩如_強棒講座_轉換,CONVERSIONS,867,,10,76276,,,20201202,FB
202010160005850,期貨電子盤_下載_Android - 測試股票受眾,APP_INSTALLS,0,1,,,,,20201202,FB
202010160005851,2020Q4林恩如_強棒講座_線上,CONVERSIONS,99,,2,33509,,,20201202,FB
202010160005852,股市爆料同學會_測試專用_20200606(下載),APP_INSTALLS,289,41,,,,,20201203,FB
202010160005853,20200801_林恩如_AOS_下載_軟體,APP_INSTALLS,912,78,,,,,20201203,FB
202010160005854,20200801_林恩如_iOS_下載_軟體,APP_INSTALLS,326,14,,,1,1580,20201203,FB
202010160005855,無聊詹_IOS_軟體,APP_INSTALLS,146,8,,,,,20201203,FB
202010160005856,無聊詹_AOS_軟體,APP_INSTALLS,134,14,,,,,20201203,FB
202010160005857,股市爆料同學會_再行銷_20200922,APP_INSTALLS,39,6,,,,,20201203,FB
202010160005858,20200922_艾蜜莉APP_IOS_下載_軟體,APP_INSTALLS,2327,143,2,11911,,,20201203,FB
202010160005859,20200922_艾蜜莉APP_Android_下載_軟體,APP_INSTALLS,1376,83,2,4776,,,20201203,FB
202010160005860,股市爆料同學會_Henry_自動化應用程式廣告Test_20200923_Android,APP_INSTALLS,0,,,,,,20201203,FB
202010160005861,股市爆料同學會_理財綜合(非儲備受眾)_20200923,APP_INSTALLS,0,,,,,,20201203,FB
202010160005862,丹尼爾_AOS_下載_軟體,APP_INSTALLS,84,12,1,8388,,,20201203,FB
202010160005863,丹尼爾_IOS_下載_軟體,APP_INSTALLS,67,6,,,,,20201203,FB
202010160005864,第三屆大大PM,REACH,816,,,,,,20201203,FB
202010160005865,股市爆料同學會_影片廣告(無設受眾)_20201015_iOS,APP_INSTALLS,265,36,1,3590,,,20201203,FB
202010160005866,股市爆料同學會_理財受眾A(非儲備受眾)_20201016,APP_INSTALLS,0,1,,,,,20201203,FB
202010160005867,第八屆大大工程師_20201020_陌生開發,LINK_CLICKS,685,,1,1988,,,20201203,FB
202010160005868,股市爆料同學會_影片廣告(無設受眾)_20201015_Android,APP_INSTALLS,7,2,,,,,20201203,FB
202010160005869,權證小哥_1023(轉換)_關鍵分點獨門解析講座,CONVERSIONS,610,,4,21991,,,20201203,FB
202010160005870,第八屆大大工程師_20201027_再行銷,LINK_CLICKS,297,,,,,,20201203,FB
202010160005871,權證小哥_1029(觸及)_當沖實戰精華班,REACH,198,,1,8388,,,20201203,FB
202010160005872,2020 Q4 恩如LIKE,PAGE_LIKES,3623,,1,8621,,,20201203,FB
202010160005873,第八屆大大工程師_20201103_精準組合,LINK_CLICKS,1955,,,,,,20201203,FB
202010160005874,20201110_艾蜜莉下載_IOS_自動化廣告_軟體,APP_INSTALLS,997,78,1,3590,,,20201203,FB
202010160005875,20201110_艾蜜莉下載_Android_自動化廣告_軟體,APP_INSTALLS,608,39,,,,,20201203,FB
202010160005876,期貨電子盤_下載_IOS,APP_INSTALLS,17,,,,,,20201203,FB
202010160005877,20201119_阿格力_下載_Android,APP_INSTALLS,485,26,1,3590,,,20201203,FB
202010160005878,20201119_阿格力_下載_IOS,APP_INSTALLS,283,14,,,,,20201203,FB
202010160005879,武財神_APP下載_Android_20201120_股票圖,APP_INSTALLS,483,26,,,,,20201203,FB
202010160005880,武財神_APP下載_Android_20201120_自動化廣告_股票圖,APP_INSTALLS,21,2,,,,,20201203,FB
202010160005881,武財神_APP下載_iOS_20201120_自動化廣告_股票,APP_INSTALLS,0,,,,,,20201203,FB
202010160005882,股市爆料同學會_理財受眾A(非儲備受眾)_20201120,APP_INSTALLS,690,74,,,,,20201203,FB
202010160005883,股市爆料同學會_大眾_20201120,APP_INSTALLS,2,,,,,,20201203,FB
202010160005884,武財神_APP下載_iOS_20201120_股票圖,APP_INSTALLS,22,,,,,,20201203,FB
202010160005885,股市爆料同學會_測試專用_20201120,APP_INSTALLS,319,40,,,,,20201203,FB
202010160005886,施雅棠_首購購買(年),CONVERSIONS,862,,9,53892,,,20201203,FB
202010160005887,權證小哥_1124(影片互動)_當沖實戰精華班,VIDEO_VIEWS,902,,2,17113,,,20201203,FB
202010160005888,20201124_股人阿勳_下載_Android_軟體,APP_INSTALLS,1636,76,,,,,20201203,FB
202010160005889,20201124_股人阿勳_下載_IOS_軟體,APP_INSTALLS,1550,60,,,,,20201203,FB
202010160005890,20201126阿格力講座轉換(台北)_講座,CONVERSIONS,4809,,16,57407,,,20201203,FB
202010160005891,20201126阿格力講座轉換(高雄)_講座,CONVERSIONS,1892,,6,20645,,,20201203,FB
202010160005892,20201126阿格力講座轉換(台中)_講座,CONVERSIONS,158,,,,,,20201203,FB
202010160005893,2020Q4林恩如_強棒講座_轉換,CONVERSIONS,1771,,10,76151,,,20201203,FB
202010160005894,期貨電子盤_下載_Android - 測試股票受眾,APP_INSTALLS,27,1,,,,,20201203,FB
202010160005895,2020Q4林恩如_強棒講座_線上,CONVERSIONS,115,,,,,,20201203,FB
202010160005896,股市爆料同學會_測試專用_20200606(下載),APP_INSTALLS,137,12,,,,,20201204,FB
202010160005897,20200801_林恩如_AOS_下載_軟體,APP_INSTALLS,1341,104,,,,,20201204,FB
202010160005898,20200801_林恩如_iOS_下載_軟體,APP_INSTALLS,493,38,,,1,,20201204,FB
202010160005899,無聊詹_IOS_軟體,APP_INSTALLS,194,20,,,,,20201204,FB
202010160005900,無聊詹_AOS_軟體,APP_INSTALLS,207,15,,,,,20201204,FB
202010160005901,股市爆料同學會_大眾TA_20200915,APP_INSTALLS,395,43,,,,,20201204,FB
202010160005902,股市爆料同學會_再行銷_20200922,APP_INSTALLS,50,3,,,,,20201204,FB
202010160005903,20200922_艾蜜莉APP_IOS_下載_軟體,APP_INSTALLS,3685,221,1,3590,,,20201204,FB
202010160005904,20200922_艾蜜莉APP_Android_下載_軟體,APP_INSTALLS,985,69,1,3590,,,20201204,FB
202010160005905,股市爆料同學會_Henry_自動化應用程式廣告Test_20200923_Android,APP_INSTALLS,3,1,,,,,20201204,FB
202010160005906,股市爆料同學會_理財綜合(非儲備受眾)_20200923,APP_INSTALLS,0,,,,,,20201204,FB
202010160005907,丹尼爾_AOS_下載_軟體,APP_INSTALLS,64,5,,,,,20201204,FB
202010160005908,丹尼爾_IOS_下載_軟體,APP_INSTALLS,167,17,,,,,20201204,FB
202010160005909,第三屆大大PM,REACH,834,,,,,,20201204,FB
202010160005910,股市爆料同學會_影片廣告(無設受眾)_20201015_iOS,APP_INSTALLS,652,57,,,,,20201204,FB
202010160005911,股市爆料同學會_理財受眾A(非儲備受眾)_20201016,APP_INSTALLS,3,1,,,,,20201204,FB
202010160005912,第八屆大大工程師_20201020_陌生開發,LINK_CLICKS,711,,,,,,20201204,FB
202010160005913,股市爆料同學會_影片廣告(無設受眾)_20201015_Android,APP_INSTALLS,16,2,,,,,20201204,FB
202010160005914,權證小哥_1023(轉換)_關鍵分點獨門解析講座,CONVERSIONS,408,,3,14147,,,20201204,FB
202010160005915,第八屆大大工程師_20201027_再行銷,LINK_CLICKS,305,,,,,,20201204,FB
202010160005916,權證小哥_1029(觸及)_當沖實戰精華班,REACH,200,,,,,,20201204,FB
202010160005917,2020 Q4 恩如LIKE,PAGE_LIKES,5000,,1,3590,,,20201204,FB
202010160005918,第八屆大大工程師_20201103_精準組合,LINK_CLICKS,2021,,,,,,20201204,FB
202010160005919,20201110_艾蜜莉下載_IOS_自動化廣告_軟體,APP_INSTALLS,923,72,1,3590,,,20201204,FB
202010160005920,20201110_艾蜜莉下載_Android_自動化廣告_軟體,APP_INSTALLS,446,29,,,,,20201204,FB
202010160005921,期貨電子盤_下載_IOS,APP_INSTALLS,7,,,,,,20201204,FB
202010160005922,20201119_阿格力_下載_Android,APP_INSTALLS,689,38,1,590,,,20201204,FB
202010160005923,20201119_阿格力_下載_IOS,APP_INSTALLS,312,14,,,,,20201204,FB
202010160005924,武財神_APP下載_Android_20201120_股票圖,APP_INSTALLS,486,24,,,,,20201204,FB
202010160005925,武財神_APP下載_Android_20201120_自動化廣告_股票圖,APP_INSTALLS,22,1,,,,,20201204,FB
202010160005926,武財神_APP下載_iOS_20201120_自動化廣告_股票,APP_INSTALLS,2,,,,,,20201204,FB
202010160005927,股市爆料同學會_理財受眾A(非儲備受眾)_20201120,APP_INSTALLS,515,45,1,3590,,,20201204,FB
202010160005928,股市爆料同學會_大眾_20201120,APP_INSTALLS,4,1,,,,,20201204,FB
202010160005929,武財神_APP下載_iOS_20201120_股票圖,APP_INSTALLS,11,1,,,,,20201204,FB
202010160005930,股市爆料同學會_測試專用_20201120,APP_INSTALLS,213,28,,,,,20201204,FB
202010160005931,施雅棠_首購購買(年),CONVERSIONS,1065,,6,31928,,,20201204,FB
202010160005932,權證小哥_1124(影片互動)_當沖實戰精華班,VIDEO_VIEWS,894,,3,15788,,,20201204,FB
202010160005933,20201124_股人阿勳_下載_Android_軟體,APP_INSTALLS,1042,48,,,,,20201204,FB
202010160005934,20201124_股人阿勳_下載_IOS_軟體,APP_INSTALLS,905,33,,,,,20201204,FB
202010160005935,20201126阿格力講座轉換(台北)_講座,CONVERSIONS,6936,,32,126569,,,20201204,FB
202010160005936,20201126阿格力講座轉換(高雄)_講座,CONVERSIONS,2291,,7,24443,,,20201204,FB
202010160005937,20201126阿格力講座轉換(台中)_講座,CONVERSIONS,208,,,,,,20201204,FB
202010160005938,2020Q4林恩如_強棒講座_轉換,CONVERSIONS,1755,,7,66571,,,20201204,FB
202010160005939,期貨電子盤_下載_Android - 測試股票受眾,APP_INSTALLS,8,1,,,,,20201204,FB
202010160005940,2020Q4林恩如_強棒講座_線上,CONVERSIONS,95,,1,6759,,,20201204,FB
202010160005941,武財神_APP下載_iOS_20201204_樂透圖片3,APP_INSTALLS,0,,,,,,20201204,FB
202010160005942,20201204股人阿勳_下載_IOS_軟體,APP_INSTALLS,166,3,,,,,20201204,FB
202010160005943,20201204_股人阿勳_下載_Android_軟體,APP_INSTALLS,0,1,,,,,20201204,FB
202010160005944,股市爆料同學會_測試專用_20200606(下載),APP_INSTALLS,1525,212,1,3863,,,20201205,FB
202010160005945,武財神_APP下載_Android_20200723,APP_INSTALLS,500,50,,,,,20201205,FB
202010160005946,20200801_林恩如_AOS_下載_軟體,APP_INSTALLS,1985,153,,,,,20201205,FB
202010160005947,20200801_林恩如_iOS_下載_軟體,APP_INSTALLS,1432,98,,,6,2370,20201205,FB
202010160005948,無聊詹_IOS_軟體,APP_INSTALLS,293,20,,,,,20201205,FB
202010160005949,無聊詹_AOS_軟體,APP_INSTALLS,142,13,,,,,20201205,FB
202010160005950,股市爆料同學會_大眾TA_20200915,APP_INSTALLS,204,22,,,,,20201205,FB
202010160005951,股市爆料同學會_再行銷_20200922,APP_INSTALLS,29,4,,,,,20201205,FB
202010160005952,20200922_艾蜜莉APP_IOS_下載_軟體,APP_INSTALLS,3029,195,,,,,20201205,FB
202010160005953,20200922_艾蜜莉APP_Android_下載_軟體,APP_INSTALLS,2650,176,,,1,390,20201205,FB
202010160005954,股市爆料同學會_Henry_自動化應用程式廣告Test_20200923_Android,APP_INSTALLS,8,3,,,,,20201205,FB
202010160005955,股市爆料同學會_理財綜合(非儲備受眾)_20200923,APP_INSTALLS,0,,,,,,20201205,FB
202010160005956,丹尼爾_AOS_下載_軟體,APP_INSTALLS,262,21,,,,,20201205,FB
202010160005957,丹尼爾_IOS_下載_軟體,APP_INSTALLS,403,34,1,990,,,20201205,FB
202010160005958,第三屆大大PM,REACH,704,,,,,,20201205,FB
202010160005959,股市爆料同學會_影片廣告(無設受眾)_20201015_iOS,APP_INSTALLS,403,40,,,,,20201205,FB
202010160005960,股市爆料同學會_理財受眾A(非儲備受眾)_20201016,APP_INSTALLS,3,1,,,,,20201205,FB
202010160005961,第八屆大大工程師_20201020_陌生開發,LINK_CLICKS,700,,,,,,20201205,FB
202010160005962,股市爆料同學會_影片廣告(無設受眾)_20201015_Android,APP_INSTALLS,18,1,,,,,20201205,FB
202010160005963,權證小哥_1023(轉換)_關鍵分點獨門解析講座,CONVERSIONS,207,,2,7361,,,20201205,FB
202010160005964,第八屆大大工程師_20201027_再行銷,LINK_CLICKS,307,,,,,,20201205,FB
202010160005965,權證小哥_1029(觸及)_當沖實戰精華班,REACH,202,,,,,,20201205,FB
202010160005966,2020 Q4 恩如LIKE,PAGE_LIKES,5754,,4,33996,,,20201205,FB
202010160005967,第八屆大大工程師_20201103_精準組合,LINK_CLICKS,1993,,,,,,20201205,FB
202010160005968,20201110_艾蜜莉下載_IOS_自動化廣告_軟體,APP_INSTALLS,956,61,,,,,20201205,FB
202010160005969,20201110_艾蜜莉下載_Android_自動化廣告_軟體,APP_INSTALLS,454,34,,,1,390,20201205,FB
202010160005970,期貨電子盤_下載_IOS,APP_INSTALLS,27,2,,,,,20201205,FB
202010160005971,20201119_阿格力_下載_Android,APP_INSTALLS,536,33,,,,,20201205,FB
202010160005972,20201119_阿格力_下載_IOS,APP_INSTALLS,319,12,,,,,20201205,FB
202010160005973,武財神_APP下載_Android_20201120_股票圖,APP_INSTALLS,507,18,,,,,20201205,FB
202010160005974,武財神_APP下載_Android_20201120_自動化廣告_股票圖,APP_INSTALLS,31,2,,,,,20201205,FB
202010160005975,武財神_APP下載_iOS_20201120_自動化廣告_股票,APP_INSTALLS,6,1,,,,,20201205,FB
202010160005976,股市爆料同學會_理財受眾A(非儲備受眾)_20201120,APP_INSTALLS,230,39,,,,,20201205,FB
202010160005977,股市爆料同學會_大眾_20201120,APP_INSTALLS,6,3,,,,,20201205,FB
202010160005978,股市爆料同學會_測試專用_20201120,APP_INSTALLS,339,36,,,,,20201205,FB
202010160005979,施雅棠_首購購買(年),CONVERSIONS,1135,,5,24951,,,20201205,FB
202010160005980,權證小哥_1124(影片互動)_當沖實戰精華班,VIDEO_VIEWS,923,,4,31248,,,20201205,FB
202010160005981,20201126阿格力講座轉換(台北)_講座,CONVERSIONS,7310,,31,145557,,,20201205,FB
202010160005982,20201126阿格力講座轉換(高雄)_講座,CONVERSIONS,2121,,8,21219,,,20201205,FB
202010160005983,20201126阿格力講座轉換(台中)_講座,CONVERSIONS,516,,3,21348,,,20201205,FB
202010160005984,2020Q4林恩如_強棒講座_轉換,CONVERSIONS,1822,,7,32533,,,20201205,FB
202010160005985,期貨電子盤_下載_Android - 測試股票受眾,APP_INSTALLS,15,,,,,,20201205,FB
202010160005986,2020Q4林恩如_強棒講座_線上,CONVERSIONS,72,,2,7361,,,20201205,FB
202010160005987,武財神_APP下載_iOS_20201204_樂透圖片3,APP_INSTALLS,0,,,,,,20201205,FB
202010160005988,20201204股人阿勳_下載_IOS_軟體,APP_INSTALLS,1691,73,,,,,20201205,FB
202010160005989,20201204_股人阿勳_下載_Android_軟體,APP_INSTALLS,1479,72,,,,,20201205,FB
202010160005990,股市爆料同學會_測試專用_20200606(下載),APP_INSTALLS,2166,298,3,10757,,,20201206,FB
202010160005991,武財神_APP下載_Android_20200723,APP_INSTALLS,429,51,,,,,20201206,FB
202010160005992,20200801_林恩如_AOS_下載_軟體,APP_INSTALLS,2937,259,3,9644,1,850,20201206,FB
202010160005993,20200801_林恩如_iOS_下載_軟體,APP_INSTALLS,2295,155,2,7180,17,7110,20201206,FB
202010160005994,無聊詹_IOS_軟體,APP_INSTALLS,377,29,,,,,20201206,FB
202010160005995,無聊詹_AOS_軟體,APP_INSTALLS,376,42,1,3590,,,20201206,FB
202010160005996,股市爆料同學會_大眾TA_20200915,APP_INSTALLS,358,38,,,,,20201206,FB
202010160005997,股市爆料同學會_再行銷_20200922,APP_INSTALLS,64,13,,,,,20201206,FB
202010160005998,20200922_艾蜜莉APP_IOS_下載_軟體,APP_INSTALLS,4115,281,,,1,390,20201206,FB
202010160005999,20200922_艾蜜莉APP_Android_下載_軟體,APP_INSTALLS,2913,187,1,1988,,,20201206,FB
202010160006000,股市爆料同學會_Henry_自動化應用程式廣告Test_20200923_Android,APP_INSTALLS,28,8,,,,,20201206,FB
202010160006001,股市爆料同學會_理財綜合(非儲備受眾)_20200923,APP_INSTALLS,0,,,,,,20201206,FB
202010160006002,丹尼爾_AOS_下載_軟體,APP_INSTALLS,442,33,,,,,20201206,FB
202010160006003,丹尼爾_IOS_下載_軟體,APP_INSTALLS,846,52,1,1988,,,20201206,FB
202010160006004,股市爆料同學會_影片廣告(無設受眾)_20201015_iOS,APP_INSTALLS,225,24,,,,,20201206,FB
202010160006005,股市爆料同學會_理財受眾A(非儲備受眾)_20201016,APP_INSTALLS,3,1,,,,,20201206,FB
202010160006006,第八屆大大工程師_20201020_陌生開發,LINK_CLICKS,707,,,,,,20201206,FB
202010160006007,股市爆料同學會_影片廣告(無設受眾)_20201015_Android,APP_INSTALLS,35,5,,,,,20201206,FB
202010160006008,第八屆大大工程師_20201027_再行銷,LINK_CLICKS,297,,,,,,20201206,FB
202010160006009,權證小哥_1029(觸及)_當沖實戰精華班,REACH,201,,1,3771,,,20201206,FB
202010160006010,2020 Q4 恩如LIKE,PAGE_LIKES,6086,,6,17055,,,20201206,FB
202010160006011,第八屆大大工程師_20201103_精準組合,LINK_CLICKS,2017,,,,,,20201206,FB
202010160006012,20201110_艾蜜莉下載_IOS_自動化廣告_軟體,APP_INSTALLS,1000,69,,,1,390,20201206,FB
202010160006013,20201110_艾蜜莉下載_Android_自動化廣告_軟體,APP_INSTALLS,554,28,,,,,20201206,FB
202010160006014,期貨電子盤_下載_IOS,APP_INSTALLS,38,2,,,,,20201206,FB
202010160006015,20201119_阿格力_下載_Android,APP_INSTALLS,499,39,1,990,,,20201206,FB
202010160006016,20201119_阿格力_下載_IOS,APP_INSTALLS,314,25,1,8388,,,20201206,FB
202010160006017,武財神_APP下載_Android_20201120_股票圖,APP_INSTALLS,494,21,,,,,20201206,FB
202010160006018,武財神_APP下載_Android_20201120_自動化廣告_股票圖,APP_INSTALLS,62,8,,,,,20201206,FB
202010160006019,武財神_APP下載_iOS_20201120_自動化廣告_股票,APP_INSTALLS,18,,,,,,20201206,FB
202010160006020,股市爆料同學會_理財受眾A(非儲備受眾)_20201120,APP_INSTALLS,905,127,,,,,20201206,FB
202010160006021,股市爆料同學會_大眾_20201120,APP_INSTALLS,7,3,,,,,20201206,FB
202010160006022,股市爆料同學會_測試專用_20201120,APP_INSTALLS,530,69,,,,,20201206,FB
202010160006023,施雅棠_首購購買(年),CONVERSIONS,899,,2,7976,,,20201206,FB
202010160006024,權證小哥_1124(影片互動)_當沖實戰精華班,VIDEO_VIEWS,894,,1,3590,,,20201206,FB
202010160006025,20201126阿格力講座轉換(台北)_講座,CONVERSIONS,7960,,107,521301,,,20201206,FB
202010160006026,20201126阿格力講座轉換(高雄)_講座,CONVERSIONS,2484,,30,137188,,,20201206,FB
202010160006027,20201126阿格力講座轉換(台中)_講座,CONVERSIONS,2485,,19,86525,,,20201206,FB
202010160006028,2020Q4林恩如_強棒講座_轉換,CONVERSIONS,1010,,6,37034,,,20201206,FB
202010160006029,期貨電子盤_下載_Android - 測試股票受眾,APP_INSTALLS,56,4,,,,,20201206,FB
202010160006030,2020Q4林恩如_強棒講座_線上,CONVERSIONS,47,,2,14787,,,20201206,FB
202010160006031,第三屆大大PM_流量_第三波,LINK_CLICKS,96,,,,,,20201206,FB
202010160006032,武財神_APP下載_iOS_20201204_樂透圖片3,APP_INSTALLS,0,,,,,,20201206,FB
202010160006033,20201204股人阿勳_下載_IOS_軟體,APP_INSTALLS,1475,45,,,,,20201206,FB
202010160006034,20201204_股人阿勳_下載_Android_軟體,APP_INSTALLS,1170,64,,,,,20201206,FB
202010160006035,股市爆料同學會_測試專用_20200606(下載),APP_INSTALLS,1851,269,3,15568,,,20201207,FB
202010160006036,武財神_APP下載_Android_20200723,APP_INSTALLS,428,48,1,90,,,20201207,FB
202010160006037,武財神_APP下載_iOS_20200723,APP_INSTALLS,112,6,,,,,20201207,FB
202010160006038,20200801_林恩如_AOS_下載_軟體,APP_INSTALLS,1781,118,1,8621,,,20201207,FB
202010160006039,20200801_林恩如_iOS_下載_軟體,APP_INSTALLS,1324,90,,,23,,20201207,FB
202010160006040,無聊詹_IOS_軟體,APP_INSTALLS,267,23,,,,,20201207,FB
202010160006041,無聊詹_AOS_軟體,APP_INSTALLS,269,28,,,,,20201207,FB
202010160006042,武財神_APP下載_iOS_20200904,APP_INSTALLS,248,23,,,1,90,20201207,FB
202010160006043,股市爆料同學會_大眾TA_20200915,APP_INSTALLS,132,18,,,,,20201207,FB
202010160006044,股市爆料同學會_再行銷_20200922,APP_INSTALLS,47,6,,,,,20201207,FB
202010160006045,20200922_艾蜜莉APP_IOS_下載_軟體,APP_INSTALLS,2629,158,,,,,20201207,FB
202010160006046,20200922_艾蜜莉APP_Android_下載_軟體,APP_INSTALLS,1349,70,,,,,20201207,FB
202010160006047,股市爆料同學會_Henry_自動化應用程式廣告Test_20200923_Android,APP_INSTALLS,32,2,,,,,20201207,FB
202010160006048,股市爆料同學會_理財綜合(非儲備受眾)_20200923,APP_INSTALLS,0,,,,,,20201207,FB
202010160006049,丹尼爾_AOS_下載_軟體,APP_INSTALLS,269,26,,,,,20201207,FB
202010160006050,丹尼爾_IOS_下載_軟體,APP_INSTALLS,381,15,,,,,20201207,FB
202010160006051,股市爆料同學會_影片廣告(無設受眾)_20201015_iOS,APP_INSTALLS,86,9,,,,,20201207,FB
202010160006052,股市爆料同學會_理財受眾A(非儲備受眾)_20201016,APP_INSTALLS,1,,,,,,20201207,FB
202010160006053,第八屆大大工程師_20201020_陌生開發,LINK_CLICKS,699,,,,,,20201207,FB
202010160006054,股市爆料同學會_影片廣告(無設受眾)_20201015_Android,APP_INSTALLS,36,7,,,,,20201207,FB
202010160006055,第八屆大大工程師_20201027_再行銷,LINK_CLICKS,297,,,,,,20201207,FB
202010160006056,權證小哥_1029(觸及)_當沖實戰精華班,REACH,201,,,,,,20201207,FB
202010160006057,2020 Q4 恩如LIKE,PAGE_LIKES,5722,,3,7258,,,20201207,FB
202010160006058,第八屆大大工程師_20201103_精準組合,LINK_CLICKS,1989,,2,7180,,,20201207,FB
202010160006059,20201110_艾蜜莉下載_IOS_自動化廣告_軟體,APP_INSTALLS,796,48,,,,,20201207,FB
202010160006060,20201110_艾蜜莉下載_Android_自動化廣告_軟體,APP_INSTALLS,420,23,,,,,20201207,FB
202010160006061,期貨電子盤_下載_IOS,APP_INSTALLS,9,,,,,,20201207,FB
202010160006062,20201119_阿格力_下載_Android,APP_INSTALLS,391,16,,,,,20201207,FB
202010160006063,20201119_阿格力_下載_IOS,APP_INSTALLS,13,,,,,,20201207,FB
202010160006064,武財神_APP下載_Android_20201120_股票圖,APP_INSTALLS,141,5,,,,,20201207,FB
202010160006065,武財神_APP下載_Android_20201120_自動化廣告_股票圖,APP_INSTALLS,150,10,,,,,20201207,FB
202010160006066,武財神_APP下載_iOS_20201120_自動化廣告_股票,APP_INSTALLS,2,,,,,,20201207,FB
202010160006067,股市爆料同學會_理財受眾A(非儲備受眾)_20201120,APP_INSTALLS,713,71,,,,,20201207,FB
202010160006068,股市爆料同學會_大眾_20201120,APP_INSTALLS,4,1,,,,,20201207,FB
202010160006069,股市爆料同學會_測試專用_20201120,APP_INSTALLS,323,37,1,590,,,20201207,FB
202010160006070,施雅棠_流量_導直播,LINK_CLICKS,508,,1,5988,,,20201207,FB
202010160006071,施雅棠_首購購買(年),CONVERSIONS,641,,6,32511,,,20201207,FB
202010160006072,權證小哥_1124(影片互動)_當沖實戰精華班,VIDEO_VIEWS,898,,3,12622,,,20201207,FB
202010160006073,20201126阿格力講座轉換(台北)_講座,CONVERSIONS,5684,,21,82308,,,20201207,FB
202010160006074,20201126阿格力講座轉換(高雄)_講座,CONVERSIONS,2512,,27,106584,,,20201207,FB
202010160006075,20201126阿格力講座轉換(台中)_講座,CONVERSIONS,2513,,22,122843,,,20201207,FB
202010160006076,2020Q4林恩如_強棒講座_轉換,CONVERSIONS,1017,,2,10271,,,20201207,FB
202010160006077,2020Q4林恩如_強棒講座_線上,CONVERSIONS,44,,1,2388,,,20201207,FB
202010160006078,第三屆大大PM_流量_第三波,LINK_CLICKS,619,,,,,,20201207,FB
202010160006079,武財神_APP下載_iOS_20201204_樂透圖片3,APP_INSTALLS,108,2,,,,,20201207,FB
202010160006080,20201204股人阿勳_下載_IOS_軟體,APP_INSTALLS,1506,67,,,,,20201207,FB
202010160006081,20201204_股人阿勳_下載_Android_軟體,APP_INSTALLS,929,55,,,,,20201207,FB
202010160006082,武財神_APP下載_Android_20201207_樂透圖片3,APP_INSTALLS,123,2,,,,,20201207,FB
202010160006083,期貨電子盤_下載_Android - 股票受眾,APP_INSTALLS,13,1,,,,,20201207,FB
202010160006084,期貨電子盤_下載_IOS - 股票受眾,APP_INSTALLS,2,,,,,,20201207,FB
202010160006085,期貨電子盤_下載_Android-自動化廣告,APP_INSTALLS,57,4,,,,,20201207,FB
202010160006086,期貨電子盤_下載_IOS-自動化廣告,APP_INSTALLS,60,2,,,,,20201207,FB
202010160006087,股市爆料同學會_測試專用_20200606(下載),APP_INSTALLS,2654,398,,,,,20201208,FB
202010160006088,武財神_APP下載_Android_20200723,APP_INSTALLS,434,48,,,,,20201208,FB
202010160006089,武財神_APP下載_iOS_20200723,APP_INSTALLS,99,8,,,,,20201208,FB
202010160006090,20200801_林恩如_AOS_下載_軟體,APP_INSTALLS,1366,102,2,10710,,,20201208,FB
202010160006091,20200801_林恩如_iOS_下載_軟體,APP_INSTALLS,2536,148,3,7270,22,7110,20201208,FB
202010160006092,無聊詹_IOS_軟體,APP_INSTALLS,394,40,,,,,20201208,FB
202010160006093,無聊詹_AOS_軟體,APP_INSTALLS,391,24,2,19594,,,20201208,FB
202010160006094,武財神_APP下載_iOS_20200904,APP_INSTALLS,245,18,,,,,20201208,FB
202010160006095,股市爆料同學會_大眾TA_20200915,APP_INSTALLS,237,33,,,,,20201208,FB
202010160006096,股市爆料同學會_再行銷_20200922,APP_INSTALLS,57,9,,,,,20201208,FB
202010160006097,20200922_艾蜜莉APP_IOS_下載_軟體,APP_INSTALLS,3115,199,,,1,390,20201208,FB
202010160006098,20200922_艾蜜莉APP_Android_下載_軟體,APP_INSTALLS,1499,122,,,1,390,20201208,FB
202010160006099,股市爆料同學會_Henry_自動化應用程式廣告Test_20200923_Android,APP_INSTALLS,16,2,,,,,20201208,FB
202010160006100,丹尼爾_AOS_下載_軟體,APP_INSTALLS,715,55,1,3590,,,20201208,FB
202010160006101,丹尼爾_IOS_下載_軟體,APP_INSTALLS,685,41,,,,,20201208,FB
202010160006102,股市爆料同學會_影片廣告(無設受眾)_20201015_iOS,APP_INSTALLS,59,5,1,3590,,,20201208,FB
202010160006103,股市爆料同學會_理財受眾A(非儲備受眾)_20201016,APP_INSTALLS,3,,,,,,20201208,FB
202010160006104,第八屆大大工程師_20201020_陌生開發,LINK_CLICKS,698,,,,,,20201208,FB
202010160006105,股市爆料同學會_影片廣告(無設受眾)_20201015_Android,APP_INSTALLS,48,6,,,,,20201208,FB
202010160006106,第八屆大大工程師_20201027_再行銷,LINK_CLICKS,296,,,,,,20201208,FB
202010160006107,權證小哥_1029(觸及)_當沖實戰精華班,REACH,540,,2,7180,,,20201208,FB
202010160006108,2020 Q4 恩如LIKE,PAGE_LIKES,5998,,2,3819,,,20201208,FB
202010160006109,第八屆大大工程師_20201103_精準組合,LINK_CLICKS,1997,,1,3590,,,20201208,FB
202010160006110,20201110_艾蜜莉下載_IOS_自動化廣告_軟體,APP_INSTALLS,881,46,,,,,20201208,FB
202010160006111,20201110_艾蜜莉下載_Android_自動化廣告_軟體,APP_INSTALLS,371,17,,,,,20201208,FB
202010160006112,20201119_阿格力_下載_Android,APP_INSTALLS,531,35,2,7180,,,20201208,FB
202010160006113,20201119_阿格力_下載_IOS,APP_INSTALLS,196,13,1,1988,,,20201208,FB
202010160006114,武財神_APP下載_Android_20201120_自動化廣告_股票圖,APP_INSTALLS,531,31,,,,,20201208,FB
202010160006115,股市爆料同學會_理財受眾A(非儲備受眾)_20201120,APP_INSTALLS,572,96,1,8388,,,20201208,FB
202010160006116,股市爆料同學會_大眾_20201120,APP_INSTALLS,38,13,,,,,20201208,FB
202010160006117,股市爆料同學會_測試專用_20201120,APP_INSTALLS,688,99,,,,,20201208,FB
202010160006118,施雅棠_流量_導直播,LINK_CLICKS,418,,1,5988,,,20201208,FB
202010160006119,施雅棠_首購購買(年),CONVERSIONS,519,,8,47904,,,20201208,FB
202010160006120,權證小哥_1124(影片互動)_當沖實戰精華班,VIDEO_VIEWS,1831,,10,51042,,,20201208,FB
202010160006121,2020Q4林恩如_強棒講座_轉換,CONVERSIONS,2569,,5,39885,,,20201208,FB
202010160006122,2020Q4林恩如_強棒講座_線上,CONVERSIONS,2349,,3,20366,,,20201208,FB
202010160006123,第三屆大大PM_流量_第三波,LINK_CLICKS,634,,,,,,20201208,FB
202010160006124,武財神_APP下載_iOS_20201204_樂透圖片3,APP_INSTALLS,164,7,,,,,20201208,FB
202010160006125,20201204股人阿勳_下載_IOS_軟體,APP_INSTALLS,1509,78,,,,,20201208,FB
202010160006126,20201204_股人阿勳_下載_Android_軟體,APP_INSTALLS,531,32,,,,,20201208,FB
202010160006127,武財神_APP下載_Android_20201207_樂透圖片3,APP_INSTALLS,81,4,,,,,20201208,FB
202010160006128,期貨電子盤_下載_Android - 股票受眾,APP_INSTALLS,18,1,,,,,20201208,FB
202010160006129,期貨電子盤_下載_IOS - 股票受眾,APP_INSTALLS,10,,,,,,20201208,FB
202010160006130,期貨電子盤_下載_Android-自動化廣告,APP_INSTALLS,43,3,,,,,20201208,FB
202010160006131,期貨電子盤_下載_IOS-自動化廣告,APP_INSTALLS,57,1,,,,,20201208,FB
202010160006132,股市爆料同學會_測試專用_20200606(下載),APP_INSTALLS,993,157,,,,,20201209,FB
202010160006133,武財神_APP下載_Android_20200723,APP_INSTALLS,791,79,,,,,20201209,FB
202010160006134,武財神_APP下載_iOS_20200723,APP_INSTALLS,99,4,,,,,20201209,FB
202010160006135,20200801_林恩如_AOS_下載_軟體,APP_INSTALLS,1283,104,2,7180,1,850,20201209,FB
202010160006136,20200801_林恩如_iOS_下載_軟體,APP_INSTALLS,1987,105,,,6,,20201209,FB
202010160006137,無聊詹_IOS_軟體,APP_INSTALLS,439,32,,,,,20201209,FB
202010160006138,無聊詹_AOS_軟體,APP_INSTALLS,232,15,,,,,20201209,FB
202010160006139,武財神_APP下載_iOS_20200904,APP_INSTALLS,244,14,,,,,20201209,FB
202010160006140,股市爆料同學會_大眾TA_20200915,APP_INSTALLS,106,16,,,,,20201209,FB
202010160006141,股市爆料同學會_再行銷_20200922,APP_INSTALLS,78,12,,,,,20201209,FB
202010160006142,20200922_艾蜜莉APP_IOS_下載_軟體,APP_INSTALLS,3123,225,4,18658,,,20201209,FB
202010160006143,20200922_艾蜜莉APP_Android_下載_軟體,APP_INSTALLS,1961,133,2,4268,1,390,20201209,FB
202010160006144,股市爆料同學會_Henry_自動化應用程式廣告Test_20200923_Android,APP_INSTALLS,1,,,,,,20201209,FB
202010160006145,丹尼爾_AOS_下載_軟體,APP_INSTALLS,692,44,,,,,20201209,FB
202010160006146,丹尼爾_IOS_下載_軟體,APP_INSTALLS,599,35,1,990,,,20201209,FB
202010160006147,股市爆料同學會_影片廣告(無設受眾)_20201015_iOS,APP_INSTALLS,20,3,,,,,20201209,FB
202010160006148,股市爆料同學會_理財受眾A(非儲備受眾)_20201016,APP_INSTALLS,2,,,,,,20201209,FB
202010160006149,第八屆大大工程師_20201020_陌生開發,LINK_CLICKS,702,,,,,,20201209,FB
202010160006150,股市爆料同學會_影片廣告(無設受眾)_20201015_Android,APP_INSTALLS,78,7,1,3590,,,20201209,FB
202010160006151,第八屆大大工程師_20201027_再行銷,LINK_CLICKS,301,,,,,,20201209,FB
202010160006152,權證小哥_1029(觸及)_當沖實戰精華班,REACH,772,,3,15568,,,20201209,FB
202010160006153,2020 Q4 恩如LIKE,PAGE_LIKES,6014,,2,11978,,,20201209,FB
202010160006154,第八屆大大工程師_20201103_精準組合,LINK_CLICKS,2013,,,,,,20201209,FB
202010160006155,20201110_艾蜜莉下載_IOS_自動化廣告_軟體,APP_INSTALLS,468,30,1,3590,,,20201209,FB
202010160006156,20201110_艾蜜莉下載_Android_自動化廣告_軟體,APP_INSTALLS,227,22,,,,,20201209,FB
202010160006157,20201119_阿格力_下載_Android,APP_INSTALLS,519,37,,,,,20201209,FB
202010160006158,20201119_阿格力_下載_IOS,APP_INSTALLS,484,31,,,,,20201209,FB
202010160006159,武財神_APP下載_Android_20201120_自動化廣告_股票圖,APP_INSTALLS,310,23,,,,,20201209,FB
202010160006160,股市爆料同學會_理財受眾A(非儲備受眾)_20201120,APP_INSTALLS,542,89,,,,,20201209,FB
202010160006161,股市爆料同學會_大眾_20201120,APP_INSTALLS,124,20,,,,,20201209,FB
202010160006162,股市爆料同學會_測試專用_20201120,APP_INSTALLS,415,54,,,,,20201209,FB
202010160006163,權證小哥_1124(影片互動)_當沖實戰精華班,VIDEO_VIEWS,2534,,16,85222,,,20201209,FB
202010160006164,20201126阿格力講座轉換(台北)_講座,CONVERSIONS,2161,,7,21758,,,20201209,FB
202010160006165,2020Q4林恩如_強棒講座_轉換,CONVERSIONS,2766,,12,75754,,,20201209,FB
202010160006166,2020Q4林恩如_強棒講座_線上,CONVERSIONS,1728,,10,76731,,,20201209,FB
202010160006167,第三屆大大PM_流量_第三波,LINK_CLICKS,947,,1,3170,,,20201209,FB
202010160006168,武財神_APP下載_iOS_20201204_樂透圖片3,APP_INSTALLS,195,9,,,,,20201209,FB
202010160006169,20201204股人阿勳_下載_IOS_軟體,APP_INSTALLS,1500,77,,,,,20201209,FB
202010160006170,20201204_股人阿勳_下載_Android_軟體,APP_INSTALLS,796,48,,,,,20201209,FB
202010160006171,期貨電子盤_下載_Android - 股票受眾,APP_INSTALLS,23,,,,,,20201209,FB
202010160006172,期貨電子盤_下載_IOS - 股票受眾,APP_INSTALLS,19,1,,,,,20201209,FB
202010160006173,期貨電子盤_下載_Android-自動化廣告,APP_INSTALLS,38,2,,,,,20201209,FB
202010160006174,期貨電子盤_下載_IOS-自動化廣告,APP_INSTALLS,29,3,,,,,20201209,FB
202010160006175,股市爆料同學會_測試專用_20200606(下載),APP_INSTALLS,1087,199,1,8388,,,20201210,FB
202010160006176,武財神_APP下載_Android_20200723,APP_INSTALLS,691,57,,,,,20201210,FB
202010160006177,武財神_APP下載_iOS_20200723,APP_INSTALLS,141,8,,,,,20201210,FB
202010160006178,20200801_林恩如_AOS_下載_軟體,APP_INSTALLS,826,54,1,3590,,,20201210,FB
202010160006179,20200801_林恩如_iOS_下載_軟體,APP_INSTALLS,1918,100,1,3590,2,,20201210,FB
202010160006180,無聊詹_IOS_軟體,APP_INSTALLS,387,22,,,25,22000,20201210,FB
202010160006181,無聊詹_AOS_軟體,APP_INSTALLS,146,11,,,,,20201210,FB
202010160006182,武財神_APP下載_iOS_20200904,APP_INSTALLS,201,10,,,,,20201210,FB
202010160006183,股市爆料同學會_大眾TA_20200915,APP_INSTALLS,110,16,,,,,20201210,FB
202010160006184,股市爆料同學會_再行銷_20200922,APP_INSTALLS,20,,,,,,20201210,FB
202010160006185,20200922_艾蜜莉APP_IOS_下載_軟體,APP_INSTALLS,4542,317,3,7907,1,390,20201210,FB
202010160006186,20200922_艾蜜莉APP_Android_下載_軟體,APP_INSTALLS,2061,131,2,7180,,,20201210,FB
202010160006187,股市爆料同學會_理財綜合(非儲備受眾)_20200923,APP_INSTALLS,0,,,,,,20201210,FB
202010160006188,丹尼爾_AOS_下載_軟體,APP_INSTALLS,493,27,,,,,20201210,FB
202010160006189,丹尼爾_IOS_下載_軟體,APP_INSTALLS,461,15,1,990,,,20201210,FB
202010160006190,股市爆料同學會_影片廣告(無設受眾)_20201015_iOS,APP_INSTALLS,2,,,,,,20201210,FB
202010160006191,股市爆料同學會_理財受眾A(非儲備受眾)_20201016,APP_INSTALLS,2,1,,,,,20201210,FB
202010160006192,第八屆大大工程師_20201020_陌生開發,LINK_CLICKS,703,,,,,,20201210,FB
202010160006193,股市爆料同學會_影片廣告(無設受眾)_20201015_Android,APP_INSTALLS,30,4,,,,,20201210,FB
202010160006194,第八屆大大工程師_20201027_再行銷,LINK_CLICKS,300,,,,,,20201210,FB
202010160006195,權證小哥_1029(觸及)_當沖實戰精華班,REACH,787,,2,7180,,,20201210,FB
202010160006196,2020 Q4 恩如LIKE,PAGE_LIKES,6124,,2,11876,,,20201210,FB
202010160006197,第八屆大大工程師_20201103_精準組合,LINK_CLICKS,2010,,1,,,,20201210,FB
202010160006198,20201110_艾蜜莉下載_IOS_自動化廣告_軟體,APP_INSTALLS,430,29,1,590,,,20201210,FB
202010160006199,20201110_艾蜜莉下載_Android_自動化廣告_軟體,APP_INSTALLS,205,16,,,1,390,20201210,FB
202010160006200,20201119_阿格力_下載_Android,APP_INSTALLS,507,34,,,,,20201210,FB
202010160006201,20201119_阿格力_下載_IOS,APP_INSTALLS,415,20,1,3577,,,20201210,FB
202010160006202,股市爆料同學會_理財受眾A(非儲備受眾)_20201120,APP_INSTALLS,412,53,1,3888,,,20201210,FB
202010160006203,股市爆料同學會_大眾_20201120,APP_INSTALLS,76,8,,,,,20201210,FB
202010160006204,股市爆料同學會_測試專用_20201120,APP_INSTALLS,46,7,,,,,20201210,FB
202010160006205,施雅棠_首購購買(年),CONVERSIONS,305,,7,41162,,,20201210,FB
202010160006206,權證小哥_1124(影片互動)_當沖實戰精華班,VIDEO_VIEWS,2534,,5,14746,,,20201210,FB
202010160006207,20201126阿格力講座轉換(台北)_講座,CONVERSIONS,632,,2,9387,,,20201210,FB
202010160006208,2020Q4林恩如_強棒講座_轉換,CONVERSIONS,2892,,2,4589,,,20201210,FB
202010160006209,第三屆大大PM_流量_第三波,LINK_CLICKS,930,,,,,,20201210,FB
202010160006210,武財神_APP下載_iOS_20201204_樂透圖片3,APP_INSTALLS,114,4,,,1,90,20201210,FB
202010160006211,20201204股人阿勳_下載_IOS_軟體,APP_INSTALLS,1509,57,,,,,20201210,FB
202010160006212,20201204_股人阿勳_下載_Android_軟體,APP_INSTALLS,879,41,,,,,20201210,FB
202010160006213,期貨電子盤_下載_Android - 股票受眾,APP_INSTALLS,24,,,,,,20201210,FB
202010160006214,期貨電子盤_下載_IOS - 股票受眾,APP_INSTALLS,33,2,,,,,20201210,FB
202010160006215,期貨電子盤_下載_Android-自動化廣告,APP_INSTALLS,50,2,,,,,20201210,FB
202010160006216,期貨電子盤_下載_IOS-自動化廣告,APP_INSTALLS,96,1,1,1988,,,20201210,FB
202010160006217,品牌內容_MB問卷_90天內互動,LINK_CLICKS,303,,,,,,20201210,FB
202010160006218,20201209_股人阿勳_洗腎直播(軟體),LINK_CLICKS,5000,24,21,114610,,,20201210,FB
202010160006219,20201210阿格力雙12銷售,CONVERSIONS,2653,,11,47881,,,20201210,FB
202010160006220,股市爆料同學會_測試專用_20200606(下載),APP_INSTALLS,1072,158,1,3590,,,20201211,FB
202010160006221,武財神_APP下載_Android_20200723,APP_INSTALLS,480,49,,,,,20201211,FB
202010160006222,武財神_APP下載_iOS_20200723,APP_INSTALLS,195,10,,,,,20201211,FB
202010160006223,20200801_林恩如_AOS_下載_軟體,APP_INSTALLS,608,35,,,,,20201211,FB
202010160006224,20200801_林恩如_iOS_下載_軟體,APP_INSTALLS,1341,69,1,3888,5,,20201211,FB
202010160006225,無聊詹_IOS_軟體,APP_INSTALLS,351,18,,,,,20201211,FB
202010160006226,無聊詹_AOS_軟體,APP_INSTALLS,106,7,1,1988,,,20201211,FB
202010160006227,武財神_APP下載_iOS_20200904,APP_INSTALLS,168,9,,,,,20201211,FB
202010160006228,20200922_艾蜜莉APP_IOS_下載_軟體,APP_INSTALLS,2863,165,4,20181,,,20201211,FB
202010160006229,20200922_艾蜜莉APP_Android_下載_軟體,APP_INSTALLS,1045,63,,,,,20201211,FB
202010160006230,丹尼爾_AOS_下載_軟體,APP_INSTALLS,136,6,,,,,20201211,FB
202010160006231,丹尼爾_IOS_下載_軟體,APP_INSTALLS,281,10,1,6688,,,20201211,FB
202010160006232,股市爆料同學會_理財受眾A(非儲備受眾)_20201016,APP_INSTALLS,5,2,,,,,20201211,FB
202010160006233,第八屆大大工程師_20201020_陌生開發,LINK_CLICKS,692,,,,,,20201211,FB
202010160006234,第八屆大大工程師_20201027_再行銷,LINK_CLICKS,303,,,,,,20201211,FB
202010160006235,權證小哥_1029(觸及)_當沖實戰精華班,REACH,773,,1,3590,,,20201211,FB
202010160006236,2020 Q4 恩如LIKE,PAGE_LIKES,5859,,2,12478,,,20201211,FB
202010160006237,第八屆大大工程師_20201103_精準組合,LINK_CLICKS,1952,,,,,,20201211,FB
202010160006238,20201110_艾蜜莉下載_IOS_自動化廣告_軟體,APP_INSTALLS,312,22,,,,,20201211,FB
202010160006239,20201110_艾蜜莉下載_Android_自動化廣告_軟體,APP_INSTALLS,234,16,,,,,20201211,FB
202010160006240,20201119_阿格力_下載_Android,APP_INSTALLS,389,23,1,1988,,,20201211,FB
202010160006241,20201119_阿格力_下載_IOS,APP_INSTALLS,216,12,,,1,590,20201211,FB
202010160006242,股市爆料同學會_理財受眾A(非儲備受眾)_20201120,APP_INSTALLS,384,42,,,,,20201211,FB
202010160006243,施雅棠_首購購買(年),CONVERSIONS,357,,6,19454,,,20201211,FB
202010160006244,權證小哥_1124(影片互動)_當沖實戰精華班,VIDEO_VIEWS,2525,,5,26729,,,20201211,FB
202010160006245,2020Q4林恩如_強棒講座_轉換,CONVERSIONS,3292,,17,192016,,,20201211,FB
202010160006246,第三屆大大PM_流量_第三波,LINK_CLICKS,903,,,,,,20201211,FB
202010160006247,20201204股人阿勳_下載_IOS_軟體,APP_INSTALLS,1441,67,,,,,20201211,FB
202010160006248,20201204_股人阿勳_下載_Android_軟體,APP_INSTALLS,877,37,,,,,20201211,FB
202010160006249,期貨電子盤_下載_Android - 股票受眾,APP_INSTALLS,9,,,,,,20201211,FB
202010160006250,期貨電子盤_下載_IOS - 股票受眾,APP_INSTALLS,8,1,,,,,20201211,FB
202010160006251,期貨電子盤_下載_Android-自動化廣告,APP_INSTALLS,25,2,,,,,20201211,FB
202010160006252,期貨電子盤_下載_IOS-自動化廣告,APP_INSTALLS,48,1,,,,,20201211,FB
202010160006253,品牌內容_MB問卷_90天內互動,LINK_CLICKS,697,,,,,,20201211,FB
202010160006254,20201210阿格力雙12銷售,CONVERSIONS,9247,,53,204701,,,20201211,FB
202010160006255,20201211華倫雙12銷售,CONVERSIONS,4554,,5,31440,,,20201211,FB
202010160006256,1211阿勳雙12轉換,CONVERSIONS,2359,,5,16546,,,20201211,FB
202010160006257,股市爆料同學會_測試專用_20200606(下載),APP_INSTALLS,689,92,1,3590,,,20201212,FB
202010160006258,武財神_APP下載_Android_20200723,APP_INSTALLS,506,41,,,,,20201212,FB
202010160006259,武財神_APP下載_iOS_20200723,APP_INSTALLS,197,17,,,,,20201212,FB
202010160006260,20200801_林恩如_AOS_下載_軟體,APP_INSTALLS,532,47,1,3590,,,20201212,FB
202010160006261,20200801_林恩如_iOS_下載_軟體,APP_INSTALLS,1126,76,1,3590,19,9480,20201212,FB
202010160006262,無聊詹_IOS_軟體,APP_INSTALLS,360,24,,,,,20201212,FB
202010160006263,無聊詹_AOS_軟體,APP_INSTALLS,141,10,,,,,20201212,FB
202010160006264,武財神_APP下載_iOS_20200904,APP_INSTALLS,224,22,,,,,20201212,FB
202010160006265,20200922_艾蜜莉APP_IOS_下載_軟體,APP_INSTALLS,1696,73,,,,,20201212,FB
202010160006266,20200922_艾蜜莉APP_Android_下載_軟體,APP_INSTALLS,852,51,,,1,390,20201212,FB
202010160006267,丹尼爾_AOS_下載_軟體,APP_INSTALLS,167,14,1,2990,,,20201212,FB
202010160006268,丹尼爾_IOS_下載_軟體,APP_INSTALLS,201,8,1,3590,,,20201212,FB
202010160006269,股市爆料同學會_理財受眾A(非儲備受眾)_20201016,APP_INSTALLS,5,1,,,,,20201212,FB
202010160006270,第八屆大大工程師_20201020_陌生開發,LINK_CLICKS,699,,,,,,20201212,FB
202010160006271,第八屆大大工程師_20201027_再行銷,LINK_CLICKS,306,,,,,,20201212,FB
202010160006272,權證小哥_1029(觸及)_當沖實戰精華班,REACH,808,,2,12211,,,20201212,FB
202010160006273,2020 Q4 恩如LIKE,PAGE_LIKES,6197,,3,15568,,,20201212,FB
202010160006274,第八屆大大工程師_20201103_精準組合,LINK_CLICKS,2022,,,,,,20201212,FB
202010160006275,20201110_艾蜜莉下載_IOS_自動化廣告_軟體,APP_INSTALLS,399,22,,,,,20201212,FB
202010160006276,20201110_艾蜜莉下載_Android_自動化廣告_軟體,APP_INSTALLS,317,21,,,,,20201212,FB
202010160006277,20201119_阿格力_下載_Android,APP_INSTALLS,404,27,1,8388,,,20201212,FB
202010160006278,20201119_阿格力_下載_IOS,APP_INSTALLS,185,13,,,,,20201212,FB
202010160006279,股市爆料同學會_理財受眾A(非儲備受眾)_20201120,APP_INSTALLS,371,38,,,,,20201212,FB
202010160006280,施雅棠_首購購買(年),CONVERSIONS,187,,7,34742,,,20201212,FB
202010160006281,權證小哥_1124(影片互動)_當沖實戰精華班,VIDEO_VIEWS,2475,,11,63624,,,20201212,FB
202010160006282,2020Q4林恩如_強棒講座_轉換,CONVERSIONS,1037,,7,52720,,,20201212,FB
202010160006283,第三屆大大PM_流量_第三波,LINK_CLICKS,772,,,,,,20201212,FB
202010160006284,20201204股人阿勳_下載_IOS_軟體,APP_INSTALLS,1560,57,,,,,20201212,FB
202010160006285,20201204_股人阿勳_下載_Android_軟體,APP_INSTALLS,671,32,,,,,20201212,FB
202010160006286,期貨電子盤_下載_Android - 股票受眾,APP_INSTALLS,24,1,,,,,20201212,FB
202010160006287,期貨電子盤_下載_IOS - 股票受眾,APP_INSTALLS,10,,,,,,20201212,FB
202010160006288,期貨電子盤_下載_Android-自動化廣告,APP_INSTALLS,49,6,,,,,20201212,FB
202010160006289,期貨電子盤_下載_IOS-自動化廣告,APP_INSTALLS,35,1,,,,,20201212,FB
202010160006290,20201210阿格力雙12銷售,CONVERSIONS,10386,,39,112736,,,20201212,FB
202010160006291,20201211華倫雙12銷售,CONVERSIONS,19540,,50,225668,,,20201212,FB
202010160006292,1211阿勳雙12轉換,CONVERSIONS,14684,,73,289746,,,20201212,FB
202010160006293,股市爆料同學會_測試專用_20200606(下載),APP_INSTALLS,530,69,,,,,20201213,FB
202010160006294,武財神_APP下載_Android_20200723,APP_INSTALLS,494,45,,,,,20201213,FB
202010160006295,武財神_APP下載_iOS_20200723,APP_INSTALLS,203,18,,,,,20201213,FB
202010160006296,20200801_林恩如_AOS_下載_軟體,APP_INSTALLS,788,74,,,1,850,20201213,FB
202010160006297,20200801_林恩如_iOS_下載_軟體,APP_INSTALLS,1668,83,3,20375,17,8690,20201213,FB
202010160006298,無聊詹_IOS_軟體,APP_INSTALLS,362,22,2,9478,,,20201213,FB
202010160006299,無聊詹_AOS_軟體,APP_INSTALLS,186,16,,,,,20201213,FB
202010160006300,武財神_APP下載_iOS_20200904,APP_INSTALLS,202,13,,,1,90,20201213,FB
202010160006301,20200922_艾蜜莉APP_IOS_下載_軟體,APP_INSTALLS,2242,156,,,,,20201213,FB
202010160006302,20200922_艾蜜莉APP_Android_下載_軟體,APP_INSTALLS,2000,129,,,,,20201213,FB
202010160006303,丹尼爾_AOS_下載_軟體,APP_INSTALLS,95,6,,,,,20201213,FB
202010160006304,丹尼爾_IOS_下載_軟體,APP_INSTALLS,162,13,,,,,20201213,FB
202010160006305,股市爆料同學會_理財受眾A(非儲備受眾)_20201016,APP_INSTALLS,9,1,,,,,20201213,FB
202010160006306,第八屆大大工程師_20201020_陌生開發,LINK_CLICKS,710,,,,,,20201213,FB
202010160006307,第八屆大大工程師_20201027_再行銷,LINK_CLICKS,298,,,,,,20201213,FB
202010160006308,權證小哥_1029(觸及)_當沖實戰精華班,REACH,801,,2,9876,,,20201213,FB
202010160006309,2020 Q4 恩如LIKE,PAGE_LIKES,5883,,4,40234,,,20201213,FB
202010160006310,第八屆大大工程師_20201103_精準組合,LINK_CLICKS,2029,,1,16039,,,20201213,FB
202010160006311,20201110_艾蜜莉下載_IOS_自動化廣告_軟體,APP_INSTALLS,555,32,,,,,20201213,FB
202010160006312,20201110_艾蜜莉下載_Android_自動化廣告_軟體,APP_INSTALLS,463,40,,,1,390,20201213,FB
202010160006313,20201119_阿格力_下載_Android,APP_INSTALLS,399,35,,,,,20201213,FB
202010160006314,20201119_阿格力_下載_IOS,APP_INSTALLS,357,17,2,2987,,,20201213,FB
202010160006315,股市爆料同學會_理財受眾A(非儲備受眾)_20201120,APP_INSTALLS,487,64,,,,,20201213,FB
202010160006316,施雅棠_首購購買(年),CONVERSIONS,275,,5,22873,,,20201213,FB
202010160006317,權證小哥_1124(影片互動)_當沖實戰精華班,VIDEO_VIEWS,2794,,11,40576,,,20201213,FB
202010160006318,第三屆大大PM_流量_第三波,LINK_CLICKS,324,,,,,,20201213,FB
202010160006319,20201204股人阿勳_下載_IOS_軟體,APP_INSTALLS,1499,63,,,,,20201213,FB
202010160006320,20201204_股人阿勳_下載_Android_軟體,APP_INSTALLS,1191,58,,,,,20201213,FB
202010160006321,期貨電子盤_下載_Android - 股票受眾,APP_INSTALLS,15,2,,,,,20201213,FB
202010160006322,期貨電子盤_下載_IOS - 股票受眾,APP_INSTALLS,13,1,,,,,20201213,FB
202010160006323,期貨電子盤_下載_Android-自動化廣告,APP_INSTALLS,53,2,,,,,20201213,FB
202010160006324,期貨電子盤_下載_IOS-自動化廣告,APP_INSTALLS,19,,,,,,20201213,FB
202010160006325,20201210阿格力雙12銷售,CONVERSIONS,9458,,45,113125,,,20201213,FB
202010160006326,20201211華倫雙12銷售,CONVERSIONS,18385,,24,123512,,,20201213,FB
202010160006327,1211阿勳雙12轉換,CONVERSIONS,14942,,34,154177,,,20201213,FB
202010160006328,股市爆料同學會_測試專用_20200606(下載),APP_INSTALLS,324,50,,,,,20201214,FB
202010160006329,武財神_APP下載_Android_20200723,APP_INSTALLS,483,30,,,,,20201214,FB
202010160006330,武財神_APP下載_iOS_20200723,APP_INSTALLS,201,22,,,,,20201214,FB
202010160006331,20200801_林恩如_AOS_下載_軟體,APP_INSTALLS,707,44,1,3590,,,20201214,FB
202010160006332,20200801_林恩如_iOS_下載_軟體,APP_INSTALLS,984,49,1,3590,5,,20201214,FB
202010160006333,無聊詹_IOS_軟體,APP_INSTALLS,1118,34,1,3590,7,6160,20201214,FB
202010160006334,無聊詹_AOS_軟體,APP_INSTALLS,364,27,1,590,,,20201214,FB
202010160006335,武財神_APP下載_iOS_20200904,APP_INSTALLS,197,14,,,,,20201214,FB
202010160006336,20200922_艾蜜莉APP_IOS_下載_軟體,APP_INSTALLS,1663,106,1,3590,1,390,20201214,FB
202010160006337,20200922_艾蜜莉APP_Android_下載_軟體,APP_INSTALLS,1656,105,,,,,20201214,FB
202010160006338,丹尼爾_AOS_下載_軟體,APP_INSTALLS,99,9,,,,,20201214,FB
202010160006339,丹尼爾_IOS_下載_軟體,APP_INSTALLS,199,12,,,,,20201214,FB
202010160006340,股市爆料同學會_理財受眾A(非儲備受眾)_20201016,APP_INSTALLS,7,1,,,,,20201214,FB
202010160006341,第八屆大大工程師_20201020_陌生開發,LINK_CLICKS,697,,,,,,20201214,FB
202010160006342,第八屆大大工程師_20201027_再行銷,LINK_CLICKS,295,,,,,,20201214,FB
202010160006343,權證小哥_1029(觸及)_當沖實戰精華班,REACH,796,,1,1988,,,20201214,FB
202010160006344,2020 Q4 恩如LIKE,PAGE_LIKES,5972,,2,3819,,,20201214,FB
202010160006345,第八屆大大工程師_20201103_精準組合,LINK_CLICKS,1996,,,,,,20201214,FB
202010160006346,20201110_艾蜜莉下載_IOS_自動化廣告_軟體,APP_INSTALLS,386,27,,,,,20201214,FB
202010160006347,20201110_艾蜜莉下載_Android_自動化廣告_軟體,APP_INSTALLS,334,20,,,,,20201214,FB
202010160006348,20201119_阿格力_下載_Android,APP_INSTALLS,376,14,,,,,20201214,FB
202010160006349,20201119_阿格力_下載_IOS,APP_INSTALLS,271,8,,,,,20201214,FB
202010160006350,股市爆料同學會_理財受眾A(非儲備受眾)_20201120,APP_INSTALLS,414,36,,,,,20201214,FB
202010160006351,施雅棠_首購購買(年),CONVERSIONS,195,,1,1988,,,20201214,FB
202010160006352,權證小哥_1124(影片互動)_當沖實戰精華班,VIDEO_VIEWS,2797,,7,13916,,,20201214,FB
202010160006353,第三屆大大PM_流量_第三波,LINK_CLICKS,896,,,,,,20201214,FB
202010160006354,期貨電子盤_下載_Android - 股票受眾,APP_INSTALLS,13,1,,,,,20201214,FB
202010160006355,期貨電子盤_下載_IOS - 股票受眾,APP_INSTALLS,10,,,,,,20201214,FB
202010160006356,期貨電子盤_下載_Android-自動化廣告,APP_INSTALLS,37,1,,,,,20201214,FB
202010160006357,期貨電子盤_下載_IOS-自動化廣告,APP_INSTALLS,21,,,,,,20201214,FB
202010160006358,權證小哥_1209(轉換)_全方位APP,CONVERSIONS,4241,,178,497816,,,20201214,FB
202010160006359,20201210阿格力雙12銷售,CONVERSIONS,3197,,5,10455,,,20201214,FB
202010160006360,第三屆大大PM_貼文廣告,REACH,135,,,,,,20201214,FB
202010160006361,20201211華倫雙12銷售,CONVERSIONS,21601,,38,103400,,,20201214,FB
202010160006362,20201214_房價地圖_Android_自動化_鄰居,APP_INSTALLS,112,22,,,,,20201214,FB
202010160006363,1211阿勳雙12轉換,CONVERSIONS,16489,,34,127850,,,20201214,FB
202010160006364,20201214_房價地圖_iOS_自動化_鄰居,APP_INSTALLS,66,8,,,,,20201214,FB
202010160006365,品牌內容_MB問卷_30天內互動,LINK_CLICKS,181,,,,,,20201214,FB
202010160006366,股市爆料同學會_測試專用_20200606(下載),APP_INSTALLS,790,139,,,,,20201215,FB
202010160006367,武財神_APP下載_Android_20200723,APP_INSTALLS,492,35,1,1988,,,20201215,FB
202010160006368,武財神_APP下載_iOS_20200723,APP_INSTALLS,196,12,,,,,20201215,FB
202010160006369,20200801_林恩如_AOS_下載_軟體,APP_INSTALLS,609,44,,,,,20201215,FB
202010160006370,20200801_林恩如_iOS_下載_軟體,APP_INSTALLS,711,33,,,8,,20201215,FB
202010160006371,無聊詹_IOS_軟體,APP_INSTALLS,1386,49,1,1988,,,20201215,FB
202010160006372,無聊詹_AOS_軟體,APP_INSTALLS,682,36,1,1988,,,20201215,FB
202010160006373,武財神_APP下載_iOS_20200904,APP_INSTALLS,199,15,,,1,90,20201215,FB
202010160006374,20200922_艾蜜莉APP_IOS_下載_軟體,APP_INSTALLS,1093,62,,,,,20201215,FB
202010160006375,20200922_艾蜜莉APP_Android_下載_軟體,APP_INSTALLS,1266,71,,,,,20201215,FB
202010160006376,丹尼爾_AOS_下載_軟體,APP_INSTALLS,135,12,,,,,20201215,FB
202010160006377,丹尼爾_IOS_下載_軟體,APP_INSTALLS,182,13,,,,,20201215,FB
202010160006378,股市爆料同學會_理財受眾A(非儲備受眾)_20201016,APP_INSTALLS,8,,,,,,20201215,FB
202010160006379,第八屆大大工程師_20201020_陌生開發,LINK_CLICKS,690,,,,,,20201215,FB
202010160006380,2020Q4林恩如_期指講座_轉換,CONVERSIONS,1506,,4,81663,,,20201215,FB
202010160006381,第八屆大大工程師_20201027_再行銷,LINK_CLICKS,298,,,,,,20201215,FB
202010160006382,權證小哥_1029(觸及)_當沖實戰精華班,REACH,790,,,,,,20201215,FB
202010160006383,2020 Q4 恩如LIKE,PAGE_LIKES,5952,,3,5966,,,20201215,FB
202010160006384,第八屆大大工程師_20201103_精準組合,LINK_CLICKS,2018,,,,,,20201215,FB
202010160006385,20201110_艾蜜莉下載_IOS_自動化廣告_軟體,APP_INSTALLS,484,23,1,9999,1,390,20201215,FB
202010160006386,20201110_艾蜜莉下載_Android_自動化廣告_軟體,APP_INSTALLS,340,20,1,13992,1,390,20201215,FB
202010160006387,20201119_阿格力_下載_Android,APP_INSTALLS,243,15,,,,,20201215,FB
202010160006388,20201119_阿格力_下載_IOS,APP_INSTALLS,182,8,,,,,20201215,FB
202010160006389,股市爆料同學會_理財受眾A(非儲備受眾)_20201120,APP_INSTALLS,310,32,,,,,20201215,FB
202010160006390,施雅棠_流量_導直播,LINK_CLICKS,528,,3,17964,,,20201215,FB
202010160006391,施雅棠_首購購買(年),CONVERSIONS,57,,2,7976,,,20201215,FB
202010160006392,權證小哥_1124(影片互動)_當沖實戰精華班,VIDEO_VIEWS,3342,,1,9999,,,20201215,FB
202010160006393,第三屆大大PM_流量_第三波,LINK_CLICKS,700,,,,,,20201215,FB
202010160006394,期貨電子盤_下載_Android - 股票受眾,APP_INSTALLS,6,,,,,,20201215,FB
202010160006395,期貨電子盤_下載_IOS - 股票受眾,APP_INSTALLS,5,,,,,,20201215,FB
202010160006396,期貨電子盤_下載_Android-自動化廣告,APP_INSTALLS,31,3,,,,,20201215,FB
202010160006397,期貨電子盤_下載_IOS-自動化廣告,APP_INSTALLS,22,,,,,,20201215,FB
202010160006398,權證小哥_1209(轉換)_全方位APP,CONVERSIONS,10001,,132,495490,,,20201215,FB
202010160006399,第三屆大大PM_貼文廣告,REACH,287,,1,3590,,,20201215,FB
202010160006400,20201214_房價地圖_Android_自動化_鄰居,APP_INSTALLS,112,30,,,,,20201215,FB
202010160006401,1211阿勳雙12轉換,CONVERSIONS,19065,,38,206926,,,20201215,FB
202010160006402,20201214_房價地圖_iOS_自動化_鄰居,APP_INSTALLS,99,22,,,,,20201215,FB
202010160006403,品牌內容_MB問卷_30天內互動,LINK_CLICKS,669,,,,,,20201215,FB
202010160006404,期貨電子盤_下載_IOS - 興趣期貨受眾,APP_INSTALLS,10,,,,,,20201215,FB
202010160006405,期貨電子盤_下載_Android-興趣期貨,APP_INSTALLS,6,,,,,,20201215,FB
202010160006406,無聊詹第二版_IOS_軟體,APP_INSTALLS,0,,,,,,20201215,FB
202010160006407,股市爆料同學會_測試專用_20200606(下載),APP_INSTALLS,1146,189,1,13888,,,20201216,FB
202010160006408,武財神_APP下載_Android_20200723,APP_INSTALLS,505,47,,,,,20201216,FB
202010160006409,武財神_APP下載_iOS_20200723,APP_INSTALLS,202,8,,,,,20201216,FB
202010160006410,20200801_林恩如_AOS_下載_軟體,APP_INSTALLS,546,40,,,,,20201216,FB
202010160006411,20200801_林恩如_iOS_下載_軟體,APP_INSTALLS,580,29,,,,,20201216,FB
202010160006412,無聊詹_IOS_軟體,APP_INSTALLS,1006,39,1,1988,,,20201216,FB
202010160006413,無聊詹_AOS_軟體,APP_INSTALLS,806,50,,,,,20201216,FB
202010160006414,武財神_APP下載_iOS_20200904,APP_INSTALLS,202,12,,,1,120,20201216,FB
202010160006415,20200922_艾蜜莉APP_IOS_下載_軟體,APP_INSTALLS,1243,77,,,,,20201216,FB
202010160006416,20200922_艾蜜莉APP_Android_下載_軟體,APP_INSTALLS,734,48,,,,,20201216,FB
202010160006417,丹尼爾_AOS_下載_軟體,APP_INSTALLS,110,11,,,,,20201216,FB
202010160006418,丹尼爾_IOS_下載_軟體,APP_INSTALLS,190,9,,,,,20201216,FB
202010160006419,股市爆料同學會_理財受眾A(非儲備受眾)_20201016,APP_INSTALLS,7,,,,,,20201216,FB
202010160006420,第八屆大大工程師_20201020_陌生開發,LINK_CLICKS,698,,,,,,20201216,FB
202010160006421,2020Q4林恩如_期指講座_轉換,CONVERSIONS,11367,,26,339310,,,20201216,FB
202010160006422,第八屆大大工程師_20201027_再行銷,LINK_CLICKS,300,,,,,,20201216,FB
202010160006423,權證小哥_1029(觸及)_當沖實戰精華班,REACH,794,,,,,,20201216,FB
202010160006424,2020 Q4 恩如LIKE,PAGE_LIKES,5977,,2,39479,,,20201216,FB
202010160006425,第八屆大大工程師_20201103_精準組合,LINK_CLICKS,2020,,,,,,20201216,FB
202010160006426,20201110_艾蜜莉下載_IOS_自動化廣告_軟體,APP_INSTALLS,726,41,,,1,390,20201216,FB
202010160006427,20201110_艾蜜莉下載_Android_自動化廣告_軟體,APP_INSTALLS,323,16,,,,,20201216,FB
202010160006428,20201119_阿格力_下載_Android,APP_INSTALLS,7,,,,,,20201216,FB
202010160006429,20201119_阿格力_下載_IOS,APP_INSTALLS,163,9,,,,,20201216,FB
202010160006430,股市爆料同學會_理財受眾A(非儲備受眾)_20201120,APP_INSTALLS,196,20,,,,,20201216,FB
202010160006431,施雅棠_流量_導直播,LINK_CLICKS,399,,1,5988,,,20201216,FB
202010160006432,權證小哥_1124(影片互動)_當沖實戰精華班,VIDEO_VIEWS,3321,,2,3976,,,20201216,FB
202010160006433,第三屆大大PM_流量_第三波,LINK_CLICKS,763,,,,,,20201216,FB
202010160006434,期貨電子盤_下載_Android - 股票受眾,APP_INSTALLS,11,,,,,,20201216,FB
202010160006435,期貨電子盤_下載_IOS - 股票受眾,APP_INSTALLS,2,,,,,,20201216,FB
202010160006436,期貨電子盤_下載_Android-自動化廣告,APP_INSTALLS,38,3,,,,,20201216,FB
202010160006437,期貨電子盤_下載_IOS-自動化廣告,APP_INSTALLS,34,1,,,,,20201216,FB
202010160006438,權證小哥_1209(轉換)_全方位APP,CONVERSIONS,10484,,120,359934,,,20201216,FB
202010160006439,第三屆大大PM_貼文廣告,REACH,205,,,,,,20201216,FB
202010160006440,20201214_房價地圖_Android_自動化_鄰居,APP_INSTALLS,111,17,,,,,20201216,FB
202010160006441,1211阿勳雙12轉換,CONVERSIONS,136,,,,,,20201216,FB
202010160006442,20201214_房價地圖_iOS_自動化_鄰居,APP_INSTALLS,97,23,,,,,20201216,FB
202010160006443,品牌內容_MB問卷_30天內互動,LINK_CLICKS,150,,,,,,20201216,FB
202010160006444,期貨電子盤_下載_IOS - 興趣期貨受眾,APP_INSTALLS,14,,,,,,20201216,FB
202010160006445,無聊詹第二版_AOS_軟體,APP_INSTALLS,576,38,,,,,20201216,FB
202010160006446,期貨電子盤_下載_Android-興趣期貨,APP_INSTALLS,2,,,,,,20201216,FB
202010160006447,施雅棠_首購購買(月),CONVERSIONS,493,,5,21588,,,20201216,FB
202010160006448,無聊詹第二版_IOS_軟體,APP_INSTALLS,1874,74,3,5964,,,20201216,FB
202010160006449,20201216_股票Podcast名稱測試,LEAD_GENERATION,56,,,,,,20201216,FB
202010160006450,20201216大大PM,LINK_CLICKS,96,,,,,,20201216,FB
202010160006451,股市爆料同學會_測試專用_20200606(下載),APP_INSTALLS,1236,198,1,7999,,,20201217,FB
202010160006452,武財神_APP下載_Android_20200723,APP_INSTALLS,510,43,,,,,20201217,FB
202010160006453,武財神_APP下載_iOS_20200723,APP_INSTALLS,199,9,,,,,20201217,FB
202010160006454,20200801_林恩如_AOS_下載_軟體,APP_INSTALLS,440,39,3,3836,,,20201217,FB
202010160006455,20200801_林恩如_iOS_下載_軟體,APP_INSTALLS,451,20,2,15302,,,20201217,FB
202010160006456,無聊詹_IOS_軟體,APP_INSTALLS,522,26,1,1988,8,7040,20201217,FB
202010160006457,無聊詹_AOS_軟體,APP_INSTALLS,612,26,,,,,20201217,FB
202010160006458,武財神_APP下載_iOS_20200904,APP_INSTALLS,205,21,,,,,20201217,FB
202010160006459,20200922_艾蜜莉APP_IOS_下載_軟體,APP_INSTALLS,1897,132,,,,,20201217,FB
202010160006460,20200922_艾蜜莉APP_Android_下載_軟體,APP_INSTALLS,894,54,,,,,20201217,FB
202010160006461,丹尼爾_AOS_下載_軟體,APP_INSTALLS,190,14,,,,,20201217,FB
202010160006462,丹尼爾_IOS_下載_軟體,APP_INSTALLS,199,13,,,,,20201217,FB
202010160006463,股市爆料同學會_理財受眾A(非儲備受眾)_20201016,APP_INSTALLS,3,,,,,,20201217,FB
202010160006464,第八屆大大工程師_20201020_陌生開發,LINK_CLICKS,710,,,,,,20201217,FB
202010160006465,2020Q4林恩如_期指講座_轉換,CONVERSIONS,11291,,25,336113,,,20201217,FB
202010160006466,第八屆大大工程師_20201027_再行銷,LINK_CLICKS,303,,,,,,20201217,FB
202010160006467,權證小哥_1029(觸及)_當沖實戰精華班,REACH,805,,,,,,20201217,FB
202010160006468,2020 Q4 恩如LIKE,PAGE_LIKES,6155,,1,5711,,,20201217,FB
202010160006469,第八屆大大工程師_20201103_精準組合,LINK_CLICKS,1933,,1,9999,,,20201217,FB
202010160006470,20201110_艾蜜莉下載_IOS_自動化廣告_軟體,APP_INSTALLS,724,46,1,17888,,,20201217,FB
202010160006471,20201110_艾蜜莉下載_Android_自動化廣告_軟體,APP_INSTALLS,368,31,,,,,20201217,FB
202010160006472,20201119_阿格力_下載_Android,APP_INSTALLS,490,28,,,,,20201217,FB
202010160006473,20201119_阿格力_下載_IOS,APP_INSTALLS,411,21,,,1,590,20201217,FB
202010160006474,股市爆料同學會_理財受眾A(非儲備受眾)_20201120,APP_INSTALLS,242,31,,,,,20201217,FB
202010160006475,股市爆料同學會_大眾_20201120,APP_INSTALLS,168,21,,,,,20201217,FB
202010160006476,股市爆料同學會_測試專用_20201120,APP_INSTALLS,132,14,,,,,20201217,FB
202010160006477,權證小哥_1124(影片互動)_當沖實戰精華班,VIDEO_VIEWS,3388,,2,10376,,,20201217,FB
202010160006478,第三屆大大PM_流量_第三波,LINK_CLICKS,757,,,,,,20201217,FB
202010160006479,期貨電子盤_下載_Android - 股票受眾,APP_INSTALLS,2,,,,,,20201217,FB
202010160006480,期貨電子盤_下載_IOS - 股票受眾,APP_INSTALLS,3,,,,,,20201217,FB
202010160006481,期貨電子盤_下載_Android-自動化廣告,APP_INSTALLS,28,,,,,,20201217,FB
202010160006482,期貨電子盤_下載_IOS-自動化廣告,APP_INSTALLS,26,1,,,,,20201217,FB
202010160006483,權證小哥_1209(轉換)_全方位APP,CONVERSIONS,11127,,61,260886,,,20201217,FB
202010160006484,20201214_房價地圖_Android_自動化_鄰居,APP_INSTALLS,113,28,,,,,20201217,FB
202010160006485,20201214_房價地圖_iOS_自動化_鄰居,APP_INSTALLS,22,7,,,,,20201217,FB
202010160006486,期貨電子盤_下載_IOS - 興趣期貨受眾,APP_INSTALLS,8,,,,,,20201217,FB
202010160006487,無聊詹第二版_AOS_軟體,APP_INSTALLS,111,9,,,,,20201217,FB
202010160006488,期貨電子盤_下載_Android-興趣期貨,APP_INSTALLS,0,,,,,,20201217,FB
202010160006489,施雅棠_首購購買(月),CONVERSIONS,2696,,4,15876,,,20201217,FB
202010160006490,無聊詹第二版_IOS_軟體,APP_INSTALLS,267,15,,,,,20201217,FB
202010160006491,20201216_股票Podcast名稱測試,LEAD_GENERATION,197,,,,,,20201217,FB
202010160006492,20201216大大PM,LINK_CLICKS,558,,1,2388,,,20201217,FB
202010160006493,第三屆大大PM_10秒影片,LINK_CLICKS,2456,,,,,,20201217,FB
202010160006494,品牌內容_MB問卷_30天內互動優化,LINK_CLICKS,194,,,,,,20201217,FB
202010160006495,20201217股人阿勳_下載_IOS_軟體,APP_INSTALLS,478,21,,,,,20201217,FB
202010160006496,20201207_股人阿勳_下載_Android_軟體,APP_INSTALLS,438,21,,,,,20201217,FB
202010160006497,股市爆料同學會(非儲理財A)_其他_20201217,APP_INSTALLS,204,6,,,,,20201217,FB
202010160006498,股市爆料同學會_測試專用_20200606(下載),APP_INSTALLS,1491,179,2,3976,,,20201218,FB
202010160006499,武財神_APP下載_Android_20200723,APP_INSTALLS,497,38,,,,,20201218,FB
202010160006500,武財神_APP下載_iOS_20200723,APP_INSTALLS,201,9,,,,,20201218,FB
202010160006501,20200801_林恩如_AOS_下載_軟體,APP_INSTALLS,503,45,,,,,20201218,FB
202010160006502,20200801_林恩如_iOS_下載_軟體,APP_INSTALLS,361,16,,,3,790,20201218,FB
202010160006503,無聊詹_IOS_軟體,APP_INSTALLS,439,22,2,11422,5,4400,20201218,FB
202010160006504,無聊詹_AOS_軟體,APP_INSTALLS,383,25,,,,,20201218,FB
202010160006505,武財神_APP下載_iOS_20200904,APP_INSTALLS,199,17,,,1,120,20201218,FB
202010160006506,20200922_艾蜜莉APP_IOS_下載_軟體,APP_INSTALLS,1357,83,,,,,20201218,FB
202010160006507,20200922_艾蜜莉APP_Android_下載_軟體,APP_INSTALLS,353,26,,,,,20201218,FB
202010160006508,股市爆料同學會_理財綜合(非儲備受眾)_20200923,APP_INSTALLS,0,,,,,,20201218,FB
202010160006509,丹尼爾_AOS_下載_軟體,APP_INSTALLS,158,17,,,,,20201218,FB
202010160006510,丹尼爾_IOS_下載_軟體,APP_INSTALLS,149,3,,,,,20201218,FB
202010160006511,第八屆大大工程師_20201020_陌生開發,LINK_CLICKS,707,,,,,,20201218,FB
202010160006512,2020Q4林恩如_期指講座_轉換,CONVERSIONS,11032,,24,291676,,,20201218,FB
202010160006513,第八屆大大工程師_20201027_再行銷,LINK_CLICKS,301,,,,,,20201218,FB
202010160006514,權證小哥_1029(觸及)_當沖實戰精華班,REACH,794,,2,5578,,,20201218,FB
202010160006515,2020 Q4 恩如LIKE,PAGE_LIKES,5946,,,,,,20201218,FB
202010160006516,第八屆大大工程師_20201103_精準組合,LINK_CLICKS,2028,,,,,,20201218,FB
202010160006517,20201110_艾蜜莉下載_IOS_自動化廣告_軟體,APP_INSTALLS,359,21,,,,,20201218,FB
202010160006518,20201110_艾蜜莉下載_Android_自動化廣告_軟體,APP_INSTALLS,309,21,,,,,20201218,FB
202010160006519,20201119_阿格力_下載_Android,APP_INSTALLS,402,23,,,,,20201218,FB
202010160006520,20201119_阿格力_下載_IOS,APP_INSTALLS,242,6,,,,,20201218,FB
202010160006521,股市爆料同學會_理財受眾A(非儲備受眾)_20201120,APP_INSTALLS,165,12,,,,,20201218,FB
202010160006522,股市爆料同學會_大眾_20201120,APP_INSTALLS,84,5,,,,,20201218,FB
202010160006523,股市爆料同學會_測試專用_20201120,APP_INSTALLS,158,5,,,,,20201218,FB
202010160006524,施雅棠_首購購買(年),CONVERSIONS,1007,,1,8621,,,20201218,FB
202010160006525,權證小哥_1124(影片互動)_當沖實戰精華班,VIDEO_VIEWS,3372,,1,3590,,,20201218,FB
202010160006526,第三屆大大PM_流量_第三波,LINK_CLICKS,705,,,,,,20201218,FB
202010160006527,期貨電子盤_下載_Android - 股票受眾,APP_INSTALLS,4,,,,,,20201218,FB
202010160006528,期貨電子盤_下載_IOS - 股票受眾,APP_INSTALLS,2,,,,,,20201218,FB
202010160006529,期貨電子盤_下載_Android-自動化廣告,APP_INSTALLS,24,1,,,,,20201218,FB
202010160006530,期貨電子盤_下載_IOS-自動化廣告,APP_INSTALLS,13,,,,,,20201218,FB
202010160006531,權證小哥_1209(轉換)_全方位APP,CONVERSIONS,10962,,59,235803,,,20201218,FB
202010160006532,20201214_房價地圖_Android_自動化_鄰居,APP_INSTALLS,115,29,,,,,20201218,FB
202010160006533,期貨電子盤_下載_IOS - 興趣期貨受眾,APP_INSTALLS,4,,,,,,20201218,FB
202010160006534,無聊詹第二版_AOS_軟體,APP_INSTALLS,147,10,,,,,20201218,FB
202010160006535,期貨電子盤_下載_Android-興趣期貨,APP_INSTALLS,5,,,,,,20201218,FB
202010160006536,施雅棠_首購購買(月),CONVERSIONS,1513,,2,6587,,,20201218,FB
202010160006537,無聊詹第二版_IOS_軟體,APP_INSTALLS,135,5,,,,,20201218,FB
202010160006538,20201216_股票Podcast名稱測試,LEAD_GENERATION,120,,,,,,20201218,FB
202010160006539,20201216大大PM,LINK_CLICKS,412,,,,,,20201218,FB
202010160006540,第三屆大大PM_10秒影片,LINK_CLICKS,2884,,,,,,20201218,FB
202010160006541,品牌內容_MB問卷_30天內互動優化,LINK_CLICKS,306,,,,,,20201218,FB
202010160006542,20201217股人阿勳_下載_IOS_軟體,APP_INSTALLS,1428,54,,,,,20201218,FB
202010160006543,20201207_股人阿勳_下載_Android_軟體,APP_INSTALLS,605,22,,,,,20201218,FB
202010160006544,股市爆料同學會(非儲理財A)_其他_20201217,APP_INSTALLS,400,11,,,,,20201218,FB
202010160006545,股市爆料同學會_測試專用_20200606(下載),APP_INSTALLS,1847,231,,,,,20201219,FB
202010160006546,武財神_APP下載_Android_20200723,APP_INSTALLS,519,32,,,,,20201219,FB
202010160006547,武財神_APP下載_iOS_20200723,APP_INSTALLS,198,14,,,,,20201219,FB
202010160006548,20200801_林恩如_AOS_下載_軟體,APP_INSTALLS,1273,101,1,3590,1,790,20201219,FB
202010160006549,20200801_林恩如_iOS_下載_軟體,APP_INSTALLS,550,39,,,3,790,20201219,FB
202010160006550,無聊詹_IOS_軟體,APP_INSTALLS,270,6,,,,,20201219,FB
202010160006551,無聊詹_AOS_軟體,APP_INSTALLS,494,21,,,,,20201219,FB
202010160006552,武財神_APP下載_iOS_20200904,APP_INSTALLS,196,17,,,1,120,20201219,FB
202010160006553,20200922_艾蜜莉APP_IOS_下載_軟體,APP_INSTALLS,1465,85,,,,,20201219,FB
202010160006554,20200922_艾蜜莉APP_Android_下載_軟體,APP_INSTALLS,386,25,,,,,20201219,FB
202010160006555,丹尼爾_AOS_下載_軟體,APP_INSTALLS,349,22,,,,,20201219,FB
202010160006556,丹尼爾_IOS_下載_軟體,APP_INSTALLS,169,10,,,,,20201219,FB
202010160006557,第八屆大大工程師_20201020_陌生開發,LINK_CLICKS,688,,1,1988,,,20201219,FB
202010160006558,2020Q4林恩如_期指講座_轉換,CONVERSIONS,11473,,10,70749,,,20201219,FB
202010160006559,第八屆大大工程師_20201027_再行銷,LINK_CLICKS,305,,,,,,20201219,FB
202010160006560,權證小哥_1029(觸及)_當沖實戰精華班,REACH,820,,,,,,20201219,FB
202010160006561,2020 Q4 恩如LIKE,PAGE_LIKES,6115,,2,6367,,,20201219,FB
202010160006562,第八屆大大工程師_20201103_精準組合,LINK_CLICKS,1976,,,,,,20201219,FB
202010160006563,20201110_艾蜜莉下載_IOS_自動化廣告_軟體,APP_INSTALLS,243,14,,,,,20201219,FB
202010160006564,20201110_艾蜜莉下載_Android_自動化廣告_軟體,APP_INSTALLS,286,27,,,,,20201219,FB
202010160006565,20201119_阿格力_下載_Android,APP_INSTALLS,397,29,,,,,20201219,FB
202010160006566,20201119_阿格力_下載_IOS,APP_INSTALLS,475,21,,,,,20201219,FB
202010160006567,股市爆料同學會_理財受眾A(非儲備受眾)_20201120,APP_INSTALLS,83,9,,,,,20201219,FB
202010160006568,股市爆料同學會_大眾_20201120,APP_INSTALLS,109,13,,,,,20201219,FB
202010160006569,股市爆料同學會_測試專用_20201120,APP_INSTALLS,138,7,,,,,20201219,FB
202010160006570,施雅棠_首購購買(年),CONVERSIONS,1160,,6,31928,,,20201219,FB
202010160006571,權證小哥_1124(影片互動)_當沖實戰精華班,VIDEO_VIEWS,3456,,1,690,,,20201219,FB
202010160006572,期貨電子盤_下載_Android - 股票受眾,APP_INSTALLS,6,,,,,,20201219,FB
202010160006573,期貨電子盤_下載_IOS - 股票受眾,APP_INSTALLS,2,1,,,,,20201219,FB
202010160006574,期貨電子盤_下載_Android-自動化廣告,APP_INSTALLS,31,3,,,,,20201219,FB
202010160006575,期貨電子盤_下載_IOS-自動化廣告,APP_INSTALLS,20,1,,,,,20201219,FB
202010160006576,權證小哥_1209(轉換)_全方位APP,CONVERSIONS,10785,,74,279620,,,20201219,FB
202010160006577,20201214_房價地圖_Android_自動化_鄰居,APP_INSTALLS,115,19,,,,,20201219,FB
202010160006578,期貨電子盤_下載_IOS - 興趣期貨受眾,APP_INSTALLS,2,,,,,,20201219,FB
202010160006579,無聊詹第二版_AOS_軟體,APP_INSTALLS,218,17,,,,,20201219,FB
202010160006580,期貨電子盤_下載_Android-興趣期貨,APP_INSTALLS,1,,,,,,20201219,FB
202010160006581,施雅棠_首購購買(月),CONVERSIONS,529,,1,5988,,,20201219,FB
202010160006582,無聊詹第二版_IOS_軟體,APP_INSTALLS,402,27,,,,,20201219,FB
202010160006583,20201216大大PM,LINK_CLICKS,505,,,,,,20201219,FB
202010160006584,第三屆大大PM_10秒影片,LINK_CLICKS,2808,,,,,,20201219,FB
202010160006585,20201217股人阿勳_下載_IOS_軟體,APP_INSTALLS,1509,57,,,,,20201219,FB
202010160006586,20201207_股人阿勳_下載_Android_軟體,APP_INSTALLS,523,26,,,,,20201219,FB
202010160006587,股市爆料同學會_測試專用_20200606(下載),APP_INSTALLS,1943,284,,,,,20201220,FB
202010160006588,武財神_APP下載_Android_20200723,APP_INSTALLS,483,50,,,,,20201220,FB
202010160006589,武財神_APP下載_iOS_20200723,APP_INSTALLS,198,11,,,,,20201220,FB
202010160006590,20200801_林恩如_AOS_下載_軟體,APP_INSTALLS,937,66,,,,,20201220,FB
202010160006591,20200801_林恩如_iOS_下載_軟體,APP_INSTALLS,623,34,,,,,20201220,FB
202010160006592,無聊詹_IOS_軟體,APP_INSTALLS,215,11,,,,,20201220,FB
202010160006593,無聊詹_AOS_軟體,APP_INSTALLS,591,37,,,,,20201220,FB
202010160006594,武財神_APP下載_iOS_20200904,APP_INSTALLS,200,15,,,,,20201220,FB
202010160006595,20200922_艾蜜莉APP_IOS_下載_軟體,APP_INSTALLS,2823,179,1,5880,,,20201220,FB
202010160006596,20200922_艾蜜莉APP_Android_下載_軟體,APP_INSTALLS,886,48,1,5988,,,20201220,FB
202010160006597,丹尼爾_AOS_下載_軟體,APP_INSTALLS,311,21,,,,,20201220,FB
202010160006598,丹尼爾_IOS_下載_軟體,APP_INSTALLS,178,12,1,990,,,20201220,FB
202010160006599,第八屆大大工程師_20201020_陌生開發,LINK_CLICKS,704,,,,,,20201220,FB
202010160006600,2020Q4林恩如_期指講座_轉換,CONVERSIONS,11170,,8,63608,,,20201220,FB
202010160006601,第八屆大大工程師_20201027_再行銷,LINK_CLICKS,290,,,,,,20201220,FB
202010160006602,權證小哥_1029(觸及)_當沖實戰精華班,REACH,799,,,,,,20201220,FB
202010160006603,2020 Q4 恩如LIKE,PAGE_LIKES,5850,,,,,,20201220,FB
202010160006604,第八屆大大工程師_20201103_精準組合,LINK_CLICKS,2023,,,,,,20201220,FB
202010160006605,20201110_艾蜜莉下載_IOS_自動化廣告_軟體,APP_INSTALLS,745,47,,,,,20201220,FB
202010160006606,20201110_艾蜜莉下載_Android_自動化廣告_軟體,APP_INSTALLS,722,50,,,1,390,20201220,FB
202010160006607,20201119_阿格力_下載_Android,APP_INSTALLS,399,31,,,,,20201220,FB
202010160006608,20201119_阿格力_下載_IOS,APP_INSTALLS,697,40,1,1888,,,20201220,FB
202010160006609,股市爆料同學會_理財受眾A(非儲備受眾)_20201120,APP_INSTALLS,26,1,,,,,20201220,FB
202010160006610,股市爆料同學會_大眾_20201120,APP_INSTALLS,248,30,1,590,,,20201220,FB
202010160006611,股市爆料同學會_測試專用_20201120,APP_INSTALLS,228,29,,,,,20201220,FB
202010160006612,施雅棠_首購購買(年),CONVERSIONS,1200,,6,35928,,,20201220,FB
202010160006613,權證小哥_1124(影片互動)_當沖實戰精華班,VIDEO_VIEWS,2803,,,,,,20201220,FB
202010160006614,期貨電子盤_下載_Android - 股票受眾,APP_INSTALLS,6,,,,,,20201220,FB
202010160006615,期貨電子盤_下載_IOS - 股票受眾,APP_INSTALLS,2,,,,,,20201220,FB
202010160006616,期貨電子盤_下載_Android-自動化廣告,APP_INSTALLS,51,4,,,,,20201220,FB
202010160006617,期貨電子盤_下載_IOS-自動化廣告,APP_INSTALLS,37,1,,,,,20201220,FB
202010160006618,權證小哥_1209(轉換)_全方位APP,CONVERSIONS,9335,,81,240154,,,20201220,FB
202010160006619,20201214_房價地圖_Android_自動化_鄰居,APP_INSTALLS,97,25,,,,,20201220,FB
202010160006620,期貨電子盤_下載_IOS - 興趣期貨受眾,APP_INSTALLS,3,,,,,,20201220,FB
202010160006621,無聊詹第二版_AOS_軟體,APP_INSTALLS,683,41,,,,,20201220,FB
202010160006622,期貨電子盤_下載_Android-興趣期貨,APP_INSTALLS,3,,,,,,20201220,FB
202010160006623,施雅棠_首購購買(月),CONVERSIONS,493,,3,17964,,,20201220,FB
202010160006624,無聊詹第二版_IOS_軟體,APP_INSTALLS,1799,77,1,10888,,,20201220,FB
202010160006625,20201216大大PM,LINK_CLICKS,533,,3,8888,,,20201220,FB
202010160006626,第三屆大大PM_10秒影片,LINK_CLICKS,1852,,,,,,20201220,FB
202010160006627,20201217股人阿勳_下載_IOS_軟體,APP_INSTALLS,1480,54,,,,,20201220,FB
202010160006628,20201207_股人阿勳_下載_Android_軟體,APP_INSTALLS,617,27,,,,,20201220,FB
202010160006629,股市爆料同學會_測試專用_20200606(下載),APP_INSTALLS,2216,306,2,5578,,,20201221,FB
202010160006630,武財神_APP下載_Android_20200723,APP_INSTALLS,503,33,,,,,20201221,FB
202010160006631,武財神_APP下載_iOS_20200723,APP_INSTALLS,200,10,,,,,20201221,FB
202010160006632,20200801_林恩如_AOS_下載_軟體,APP_INSTALLS,492,38,,,,,20201221,FB
202010160006633,20200801_林恩如_iOS_下載_軟體,APP_INSTALLS,641,34,,,,,20201221,FB
202010160006634,無聊詹_IOS_軟體,APP_INSTALLS,126,3,,,,,20201221,FB
202010160006635,無聊詹_AOS_軟體,APP_INSTALLS,266,10,,,,,20201221,FB
202010160006636,武財神_APP下載_iOS_20200904,APP_INSTALLS,316,12,,,,,20201221,FB
202010160006637,20200922_艾蜜莉APP_IOS_下載_軟體,APP_INSTALLS,2323,113,,,,,20201221,FB
202010160006638,20200922_艾蜜莉APP_Android_下載_軟體,APP_INSTALLS,648,47,,,,,20201221,FB
202010160006639,丹尼爾_AOS_下載_軟體,APP_INSTALLS,161,8,,,,,20201221,FB
202010160006640,丹尼爾_IOS_下載_軟體,APP_INSTALLS,147,6,,,,,20201221,FB
202010160006641,第八屆大大工程師_20201020_陌生開發,LINK_CLICKS,689,,,,,,20201221,FB
202010160006642,2020Q4林恩如_期指講座_轉換,CONVERSIONS,8817,,9,65432,,,20201221,FB
202010160006643,第八屆大大工程師_20201027_再行銷,LINK_CLICKS,304,,,,,,20201221,FB
202010160006644,權證小哥_1029(觸及)_當沖實戰精華班,REACH,796,,3,21060,,,20201221,FB
202010160006645,2020 Q4 恩如LIKE,PAGE_LIKES,5969,,2,7868,,,20201221,FB
202010160006646,第八屆大大工程師_20201103_精準組合,LINK_CLICKS,2008,,,,,,20201221,FB
202010160006647,20201110_艾蜜莉下載_IOS_自動化廣告_軟體,APP_INSTALLS,501,26,,,,,20201221,FB
202010160006648,20201110_艾蜜莉下載_Android_自動化廣告_軟體,APP_INSTALLS,390,15,,,,,20201221,FB
202010160006649,股市爆料同學會_理財受眾A(非儲備受眾)_20201120,APP_INSTALLS,20,3,,,,,20201221,FB
202010160006650,股市爆料同學會_大眾_20201120,APP_INSTALLS,152,20,,,,,20201221,FB
202010160006651,股市爆料同學會_測試專用_20201120,APP_INSTALLS,38,3,,,,,20201221,FB
202010160006652,施雅棠_流量_導直播,LINK_CLICKS,800,,,,,,20201221,FB
202010160006653,施雅棠_首購購買(年),CONVERSIONS,1806,,10,57580,,,20201221,FB
202010160006654,權證小哥_1124(影片互動)_當沖實戰精華班,VIDEO_VIEWS,2647,,,,,,20201221,FB
202010160006655,期貨電子盤_下載_Android - 股票受眾,APP_INSTALLS,1,,,,,,20201221,FB
202010160006656,期貨電子盤_下載_IOS - 股票受眾,APP_INSTALLS,1,,,,,,20201221,FB
202010160006657,期貨電子盤_下載_Android-自動化廣告,APP_INSTALLS,142,2,,,,,20201221,FB
202010160006658,期貨電子盤_下載_IOS-自動化廣告,APP_INSTALLS,36,,,,,,20201221,FB
202010160006659,權證小哥_1209(轉換)_全方位APP,CONVERSIONS,10220,,44,142258,,,20201221,FB
202010160006660,20201214_房價地圖_Android_自動化_鄰居,APP_INSTALLS,100,25,,,,,20201221,FB
202010160006661,期貨電子盤_下載_IOS - 興趣期貨受眾,APP_INSTALLS,1,,,,,,20201221,FB
202010160006662,無聊詹第二版_AOS_軟體,APP_INSTALLS,217,14,,,,,20201221,FB
202010160006663,期貨電子盤_下載_Android-興趣期貨,APP_INSTALLS,1,,,,,,20201221,FB
202010160006664,無聊詹第二版_IOS_軟體,APP_INSTALLS,706,20,1,1988,,,20201221,FB
202010160006665,20201216大大PM,LINK_CLICKS,952,,,,,,20201221,FB
202010160006666,20201217股人阿勳_下載_IOS_軟體,APP_INSTALLS,1516,68,,,,,20201221,FB
202010160006667,20201207_股人阿勳_下載_Android_軟體,APP_INSTALLS,466,18,,,,,20201221,FB
202010160006668,2020艾蜜莉年終銷售_軟體,CONVERSIONS,5108,,4,14752,,,20201221,FB
202010160006669,權證小哥_1221(下載)_全方位APP_IOS,APP_INSTALLS,263,,,,,,20201221,FB
202010160006670,權證小哥_1221(下載)_全方位APP_android,APP_INSTALLS,64,3,,,,,20201221,FB
202010160006671,20201221_阿格力_下載_Android,APP_INSTALLS,1,,,,,,20201221,FB
202010160006672,20201221_阿格力_下載_IOS,APP_INSTALLS,0,,,,,,20201221,FB
